Date,PAYNSA_PC1,CPIAUCSL_PC1,INDPRO,FEDFUNDS
1954-07-01,-3.3,0.3,18.6372,0.80
1954-08-01,-3.3,0.0,18.6095,1.22
1954-09-01,-2.9,-0.3,18.6372,1.07
1954-10-01,-2.5,-0.9,18.8588,0.85
1954-11-01,-1.4,-0.3,19.1634,0.83
1954-12-01,-0.7,-0.4,19.4126,1.28
1955-01-01,0.0,-0.6,19.8557,1.39
1955-02-01,0.5,-0.6,20.1050,1.29
1955-03-01,1.5,-0.5,20.5757,1.35
1955-04-01,2.1,-0.3,20.8250,1.43
1955-05-01,3.2,-0.6,21.1573,1.43
1955-06-01,4.0,-0.9,21.1850,1.64
1955-07-01,4.4,-0.4,21.3511,1.68
1955-08-01,4.7,-0.5,21.3234,1.96
1955-09-01,4.9,0.1,21.4619,2.18
1955-10-01,5.1,0.4,21.8219,2.24
1955-11-01,4.9,0.4,21.8773,2.35
1955-12-01,4.9,0.4,21.9604,2.48
1956-01-01,5.1,0.2,22.0988,2.45
1956-02-01,5.1,0.1,21.9050,2.50
1956-03-01,4.6,0.4,21.9050,2.50
1956-04-01,4.2,0.5,22.0712,2.62
1956-05-01,4.0,1.0,21.8773,2.75
1956-06-01,3.6,1.6,21.6835,2.71
1956-07-01,1.9,2.0,21.0188,2.75
1956-08-01,3.0,2.2,21.8773,2.73
1956-09-01,2.7,1.9,22.3758,2.95
1956-10-01,2.7,2.6,22.5696,2.96
1956-11-01,2.4,2.3,22.3758,2.88
1956-12-01,2.1,2.8,22.7081,2.94
1957-01-01,1.8,3.1,22.6250,2.84
1957-02-01,1.7,3.5,22.8466,3.00
1957-03-01,1.6,3.6,22.8189,2.96
1957-04-01,1.6,3.7,22.5142,3.00
1957-05-01,1.2,3.6,22.4312,3.00
1957-06-01,1.0,3.5,22.4866,3.00
1957-07-01,2.3,3.3,22.6250,2.99
1957-08-01,1.0,3.6,22.6250,3.24
1957-09-01,0.7,3.5,22.4312,3.47
1957-10-01,0.0,2.9,22.0988,3.50
1957-11-01,-0.5,3.3,21.5727,3.28
1957-12-01,-1.1,3.0,21.1573,2.98
1958-01-01,-1.6,3.5,20.7696,2.72
1958-02-01,-3.0,3.2,20.3265,1.67
1958-03-01,-3.7,3.6,20.0773,1.20
1958-04-01,-4.2,3.6,19.7450,1.26
1958-05-01,-4.1,3.4,19.9388,0.63
1958-06-01,-3.9,2.8,20.4650,0.93
1958-07-01,-3.8,2.5,20.7696,0.68
1958-08-01,-3.5,2.3,21.1850,1.53
1958-09-01,-2.6,2.1,21.3788,1.76
1958-10-01,-2.4,2.1,21.6281,1.80
1958-11-01,-1.2,1.9,22.2650,2.27
1958-12-01,-0.7,1.8,22.2927,2.42
1959-01-01,0.7,1.3,22.6250,2.48
1959-02-01,2.1,1.0,23.0681,2.43
1959-03-01,3.3,0.3,23.4004,2.80
1959-04-01,4.6,0.1,23.8989,2.96
1959-05-01,5.3,0.3,24.2589,2.90
1959-06-01,5.5,0.7,24.2866,3.39
1959-07-01,5.5,0.9,23.7050,3.47
1959-08-01,4.2,0.8,22.9019,3.50
1959-09-01,3.7,1.2,22.8743,3.76
1959-10-01,3.6,1.5,22.7081,3.98
1959-11-01,3.2,1.4,22.8466,4.00
1959-12-01,3.8,1.5,24.2589,3.99
1960-01-01,3.3,1.2,24.8958,3.99
1960-02-01,3.4,1.4,24.6743,3.97
1960-03-01,2.7,1.5,24.4528,3.84
1960-04-01,2.9,1.9,24.2589,3.92
1960-05-01,1.8,1.8,24.2312,3.85
1960-06-01,1.4,1.7,23.9266,3.32
1960-07-01,1.1,1.4,23.8435,3.23
1960-08-01,1.8,1.5,23.8158,2.98
1960-09-01,1.5,1.2,23.5666,2.60
1960-10-01,1.5,1.4,23.5389,2.47
1960-11-01,0.6,1.5,23.2066,2.44
1960-12-01,-0.9,1.4,22.7635,1.98
1961-01-01,-1.2,1.6,22.7912,1.45
1961-02-01,-1.9,1.5,22.7635,2.54
1961-03-01,-1.5,1.5,22.9020,2.02
1961-04-01,-2.1,0.9,23.3727,1.49
1961-05-01,-1.2,0.9,23.7327,1.98
1961-06-01,-0.6,0.8,24.0650,1.73
1961-07-01,-0.2,1.3,24.3420,1.17
1961-08-01,0.1,1.1,24.5635,2.00
1961-09-01,0.3,1.2,24.5358,1.88
1961-10-01,0.7,0.8,25.0066,2.26
1961-11-01,1.4,0.7,25.3943,2.61
1961-12-01,1.9,0.7,25.6158,2.33
1962-01-01,2.2,0.7,25.3943,2.15
1962-02-01,3.1,0.9,25.8097,2.37
1962-03-01,3.0,1.1,25.9482,2.85
1962-04-01,3.8,1.3,26.0035,2.78
1962-05-01,3.5,1.3,25.9758,2.36
1962-06-01,3.1,1.2,25.9205,2.68
1962-07-01,3.1,1.0,26.1697,2.71
1962-08-01,2.8,1.1,26.1974,2.93
1962-09-01,2.9,1.5,26.3635,2.90
1962-10-01,2.8,1.3,26.3912,2.90
1962-11-01,2.3,1.3,26.5020,2.94
1962-12-01,2.0,1.2,26.5020,2.93
1963-01-01,2.2,1.3,26.6958,2.92
1963-02-01,1.9,1.2,27.0005,3.00
1963-03-01,2.0,1.1,27.1666,2.98
1963-04-01,1.8,0.9,27.4159,2.90
1963-05-01,1.8,0.9,27.7482,3.00
1963-06-01,1.9,1.3,27.8313,2.99
1963-07-01,1.9,1.6,27.7205,3.02
1963-08-01,1.8,1.6,27.7759,3.49
1963-09-01,1.9,1.0,28.0528,3.48
1963-10-01,2.2,1.2,28.2466,3.50
1963-11-01,2.1,1.3,28.3851,3.48
1963-12-01,2.3,1.6,28.3297,3.38
1964-01-01,2.5,1.6,28.5790,3.48
1964-02-01,2.8,1.4,28.7728,3.48
1964-03-01,2.9,1.4,28.7728,3.43
1964-04-01,2.5,1.5,29.2436,3.47
1964-05-01,2.6,1.5,29.4098,3.50
1964-06-01,2.8,1.3,29.4928,3.50
1964-07-01,2.8,1.1,29.6867,3.42
1964-08-01,2.9,1.0,29.8805,3.50
1964-09-01,3.1,1.2,29.9913,3.45
1964-10-01,2.5,1.2,29.5759,3.36
1964-11-01,3.4,1.4,30.4898,3.52
1964-12-01,3.6,1.2,30.8498,3.85
1965-01-01,3.7,1.1,31.1821,3.90
1965-02-01,3.7,1.2,31.3760,3.98
1965-03-01,3.8,1.2,31.7913,4.05
1965-04-01,4.1,1.4,31.9298,4.09
1965-05-01,4.1,1.6,32.1790,4.10
1965-06-01,4.3,1.9,32.4283,4.05
1965-07-01,4.3,1.8,32.7329,4.09
1965-08-01,4.3,1.6,32.8713,4.12
1965-09-01,4.2,1.7,32.9544,4.02
1965-10-01,4.8,1.7,33.2868,4.08
1965-11-01,4.7,1.7,33.4252,4.10
1965-12-01,4.9,1.9,33.8406,4.32
1966-01-01,5.1,1.9,34.1729,4.42
1966-02-01,5.2,2.6,34.3945,4.60
1966-03-01,5.5,2.8,34.8652,4.66
1966-04-01,5.4,2.9,34.9206,4.67
1966-05-01,5.3,2.8,35.2529,4.90
1966-06-01,5.7,2.4,35.4191,5.17
1966-07-01,5.4,2.8,35.6129,5.30
1966-08-01,5.2,3.5,35.6406,5.53
1966-09-01,5.0,3.6,35.9729,5.40
1966-10-01,5.0,3.8,36.2221,5.53
1966-11-01,4.9,3.6,35.9729,5.76
1966-12-01,4.6,3.4,36.0560,5.40
1967-01-01,4.7,3.2,36.2261,4.94
1967-02-01,4.3,2.9,35.8152,5.00
1967-03-01,3.8,2.5,35.6133,4.53
1967-04-01,3.2,2.5,35.9492,4.05
1967-05-01,3.0,2.3,35.6356,3.94
1967-06-01,2.6,2.8,35.6311,3.98
1967-07-01,2.4,2.9,35.5500,3.79
1967-08-01,2.4,2.6,36.2311,3.90
1967-09-01,2.3,2.6,36.1723,3.99
1967-10-01,2.1,2.6,36.4669,3.88
1967-11-01,2.6,3.1,36.9884,4.13
1967-12-01,2.6,3.3,37.3868,4.51
1968-01-01,2.2,3.6,37.3465,4.61
1968-02-01,2.8,3.6,37.4804,4.71
1968-03-01,2.8,3.9,37.5974,5.05
1968-04-01,3.2,3.9,37.6518,5.76
1968-05-01,3.1,4.2,38.0741,6.12
1968-06-01,3.3,4.2,38.2140,6.07
1968-07-01,3.3,4.5,38.1554,6.03
1968-08-01,3.2,4.5,38.2619,6.03
1968-09-01,3.4,4.5,38.4068,5.78
1968-10-01,3.8,4.7,38.4830,5.91
1968-11-01,3.4,4.4,38.9808,5.82
1968-12-01,3.4,4.7,39.1039,6.02
1969-01-01,4.0,4.7,39.3405,6.30
1969-02-01,3.8,4.7,39.5922,6.61
1969-03-01,4.0,5.2,39.9027,6.79
1969-04-01,3.8,5.5,39.7559,7.41
1969-05-01,4.0,5.5,39.6056,8.67
1969-06-01,4.0,5.5,39.9925,8.90
1969-07-01,3.7,5.4,40.2037,8.61
1969-08-01,3.8,5.4,40.2961,9.19
1969-09-01,3.5,5.7,40.2870,9.15
1969-10-01,3.5,5.7,40.2988,9.00
1969-11-01,3.1,5.9,39.9189,8.85
1969-12-01,2.8,5.9,39.8118,8.97
1970-01-01,2.5,6.2,39.0746,8.98
1970-02-01,2.4,6.4,39.0488,8.98
1970-03-01,2.3,6.1,38.9981,7.76
1970-04-01,1.9,6.1,38.8979,8.10
1970-05-01,1.2,6.0,38.8525,7.95
1970-06-01,0.6,6.0,38.7269,7.61
1970-07-01,0.4,5.7,38.8219,7.21
1970-08-01,-0.2,5.7,38.7527,6.62
1970-09-01,0.0,5.7,38.4856,6.29
1970-10-01,-0.8,5.6,37.7157,6.20
1970-11-01,-0.9,5.6,37.4873,5.60
1970-12-01,-0.7,5.6,38.3482,4.90
1971-01-01,-0.4,5.3,38.6432,4.14
1971-02-01,-0.7,4.7,38.5695,3.72
1971-03-01,-0.8,4.4,38.5278,3.71
1971-04-01,-0.4,4.2,38.7441,4.16
1971-05-01,0.2,4.4,38.9407,4.63
1971-06-01,0.3,4.4,39.1040,4.91
1971-07-01,0.3,4.4,38.9905,5.31
1971-08-01,0.6,4.4,38.7642,5.57
1971-09-01,0.9,4.1,39.3942,5.55
1971-10-01,1.6,3.8,39.6891,5.20
1971-11-01,2.1,3.5,39.8576,4.91
1971-12-01,1.8,3.3,40.3177,4.14
1972-01-01,2.2,3.3,41.2876,3.51
1972-02-01,2.6,3.8,41.6865,3.30
1972-03-01,2.9,3.5,41.9746,3.83
1972-04-01,3.0,3.5,42.4183,4.17
1972-05-01,3.1,3.2,42.3963,4.27
1972-06-01,3.5,3.0,42.5166,4.46
1972-07-01,3.2,3.0,42.4980,4.55
1972-08-01,3.9,2.9,43.0629,4.81
1972-09-01,3.7,3.2,43.3918,4.87
1972-10-01,4.3,3.2,43.9718,5.05
1972-11-01,4.4,3.4,44.4919,5.06
1972-12-01,4.4,3.4,45.0015,5.33
1973-01-01,4.4,3.6,45.2942,5.94
1973-02-01,4.6,3.9,45.9656,6.58
1973-03-01,4.5,4.8,45.9872,7.09
1973-04-01,4.4,5.3,45.9237,7.12
1973-05-01,4.3,5.5,46.2192,7.84
1973-06-01,4.2,6.0,46.2509,8.49
1973-07-01,4.3,5.7,46.4421,10.40
1973-08-01,4.1,7.4,46.3648,10.50
1973-09-01,4.1,7.4,46.7803,10.78
1973-10-01,4.0,8.1,47.0954,10.01
1973-11-01,4.0,8.3,47.3445,10.03
1973-12-01,3.6,8.9,47.2315,9.95
1974-01-01,3.3,9.6,46.8994,9.65
1974-02-01,2.9,10.0,46.7538,8.97
1974-03-01,2.6,10.1,46.7685,9.35
1974-04-01,2.5,10.1,46.6069,10.51
1974-05-01,2.5,10.7,46.9743,11.31
1974-06-01,2.2,10.9,46.9233,11.93
1974-07-01,2.3,11.5,46.9464,12.92
1974-08-01,1.9,10.9,46.4907,12.01
1974-09-01,1.8,11.9,46.5136,11.34
1974-10-01,1.4,11.8,46.3401,10.06
1974-11-01,0.4,12.2,44.8209,9.45
1974-12-01,-0.5,12.1,43.2340,8.53
1975-01-01,-1.1,11.8,42.6409,7.13
1975-02-01,-1.8,11.2,41.6602,6.24
1975-03-01,-2.2,10.5,41.2135,5.54
1975-04-01,-2.4,10.2,41.2460,5.49
1975-05-01,-2.4,9.3,41.1515,5.22
1975-06-01,-2.6,9.2,41.4224,5.55
1975-07-01,-2.4,9.5,41.8234,6.10
1975-08-01,-1.9,8.6,42.2573,6.14
1975-09-01,-1.7,7.9,42.7796,6.24
1975-10-01,-1.4,7.6,42.9687,5.82
1975-11-01,-0.8,7.4,43.0614,5.22
1975-12-01,0.4,7.1,43.5973,5.20
1976-01-01,1.6,6.7,44.2288,4.87
1976-02-01,2.4,6.3,44.6725,4.77
1976-03-01,3.2,6.1,44.7125,4.84
1976-04-01,3.8,5.8,44.9643,4.82
1976-05-01,3.6,6.2,45.1741,5.29
1976-06-01,3.7,6.0,45.1830,5.48
1976-07-01,3.7,5.6,45.4535,5.31
1976-08-01,3.3,5.7,45.7737,5.29
1976-09-01,3.4,5.5,45.9031,5.25
1976-10-01,3.0,5.5,45.9207,5.02
1976-11-01,3.2,5.1,46.5978,4.95
1976-12-01,3.1,5.0,47.0854,4.65
1977-01-01,2.8,5.2,46.8276,4.61
1977-02-01,2.8,6.1,47.5417,4.68
1977-03-01,3.1,6.4,48.1310,4.69
1977-04-01,3.2,7.0,48.5838,4.73
1977-05-01,3.6,6.7,48.9891,5.35
1977-06-01,4.0,6.7,49.3428,5.39
1977-07-01,4.1,6.7,49.4120,5.42
1977-08-01,4.2,6.6,49.4259,5.90
1977-09-01,4.4,6.4,49.6639,6.14
1977-10-01,4.8,6.4,49.7592,6.47
1977-11-01,4.8,6.7,49.8117,6.51
1977-12-01,4.9,6.7,49.8949,6.56
1978-01-01,4.9,6.8,49.2066,6.70
1978-02-01,5.0,6.2,49.4502,6.78
1978-03-01,5.1,6.4,50.3928,6.79
1978-04-01,5.5,6.5,51.4368,6.89
1978-05-01,5.4,7.1,51.6276,7.36
1978-06-01,5.4,7.4,51.9833,7.60
1978-07-01,5.2,7.7,51.9592,7.81
1978-08-01,5.2,7.9,52.1543,8.04
1978-09-01,4.8,8.5,52.2860,8.45
1978-10-01,4.9,8.9,52.7054,8.96
1978-11-01,5.0,8.9,53.1047,9.76
1978-12-01,5.1,9.0,53.3886,10.03
1979-01-01,5.0,9.3,53.0453,10.07
1979-02-01,5.0,9.8,53.3303,10.06
1979-03-01,4.8,10.3,53.4973,10.09
1979-04-01,3.8,10.5,52.8938,10.01
1979-05-01,3.8,10.7,53.3187,10.24
1979-06-01,3.6,11.1,53.3157,10.29
1979-07-01,3.4,11.5,53.2433,10.47
1979-08-01,3.2,11.8,52.8899,10.94
1979-09-01,3.1,11.9,52.9486,11.43
1979-10-01,2.9,12.1,53.2390,13.77
1979-11-01,2.5,12.6,53.1918,13.18
1979-12-01,2.2,13.3,53.2603,13.78
1980-01-01,2.3,13.9,53.5037,13.82
1980-02-01,2.1,14.2,53.5053,14.13
1980-03-01,1.7,14.6,53.3294,17.19
1980-04-01,1.6,14.6,52.2336,17.61
1980-05-01,0.7,14.4,50.9638,10.98
1980-06-01,-0.1,14.3,50.3348,9.47
1980-07-01,-0.4,13.2,49.9462,9.03
1980-08-01,-0.2,12.9,50.1256,9.61
1980-09-01,-0.1,12.8,50.9386,10.87
1980-10-01,0.0,12.6,51.5813,12.81
1980-11-01,0.2,12.6,52.4717,15.85
1980-12-01,0.3,12.4,52.7685,18.90
1981-01-01,0.2,11.8,52.4668,19.08
1981-02-01,0.2,11.4,52.2260,15.93
1981-03-01,0.2,10.6,52.5025,14.70
1981-04-01,0.5,10.1,52.2691,15.72
1981-05-01,1.0,9.8,52.5803,18.52
1981-06-01,1.5,9.7,52.8284,19.10
1981-07-01,2.0,10.8,53.1751,19.04
1981-08-01,1.7,10.8,53.1679,17.82
1981-09-01,1.5,11.0,52.8514,15.87
1981-10-01,1.0,10.3,52.4949,15.08
1981-11-01,0.5,9.6,51.8940,13.31
1981-12-01,-0.1,8.9,51.3274,12.37
1982-01-01,-0.6,8.3,50.3043,13.22
1982-02-01,-0.6,7.6,51.3016,14.78
1982-03-01,-0.9,6.9,50.9104,14.68
1982-04-01,-1.3,6.6,50.4627,14.94
1982-05-01,-1.3,6.9,50.1380,14.45
1982-06-01,-1.8,7.2,49.9692,14.15
1982-07-01,-2.2,6.6,49.8138,12.59
1982-08-01,-2.4,6.0,49.3773,10.12
1982-09-01,-2.4,4.9,49.2260,10.31
1982-10-01,-2.7,5.0,48.7874,9.71
1982-11-01,-2.6,4.5,48.5920,9.20
1982-12-01,-2.4,3.8,48.2424,8.95
1983-01-01,-1.8,3.7,49.1762,8.68
1983-02-01,-1.9,3.5,48.8688,8.51
1983-03-01,-1.5,3.6,49.2654,8.77
1983-04-01,-0.9,4.0,49.8675,8.80
1983-05-01,-0.5,3.4,50.2084,8.63
1983-06-01,0.2,2.5,50.5089,8.98
1983-07-01,1.0,2.4,51.2733,9.37
1983-08-01,0.9,2.5,51.8454,9.56
1983-09-01,2.3,2.8,52.6303,9.45
1983-10-01,2.9,2.8,53.0679,9.48
1983-11-01,3.5,3.2,53.2534,9.34
1983-12-01,3.9,3.8,53.5343,9.47
1984-01-01,4.2,4.3,54.6008,9.56
1984-02-01,4.8,4.7,54.8350,9.59
1984-03-01,4.9,4.9,55.1052,9.91
1984-04-01,5.0,4.6,55.4514,10.29
1984-05-01,5.0,4.3,55.7141,10.32
1984-06-01,4.9,4.3,55.9085,11.06
1984-07-01,4.8,4.3,56.0842,11.23
1984-08-01,5.4,4.3,56.1376,11.64
1984-09-01,4.5,4.3,56.0382,11.30
1984-10-01,4.5,4.3,55.9459,9.99
1984-11-01,4.5,4.2,56.1667,9.43
1984-12-01,4.2,4.0,56.2296,8.38
1985-01-01,4.0,3.5,56.1398,8.35
1985-02-01,3.6,3.6,56.3323,8.50
1985-03-01,3.7,3.8,56.4232,8.58
1985-04-01,3.5,3.6,56.2693,8.27
1985-05-01,3.4,3.6,56.3488,7.97
1985-06-01,3.1,3.7,56.3901,7.53
1985-07-01,3.0,3.5,56.0234,7.88
1985-08-01,2.9,3.4,56.2555,7.90
1985-09-01,2.8,3.2,56.4983,7.92
1985-10-01,2.7,3.2,56.2648,7.99
1985-11-01,2.6,3.5,56.4549,8.05
1985-12-01,2.6,3.8,57.0458,8.27
1986-01-01,2.5,4.0,57.3104,8.14
1986-02-01,2.4,3.2,56.9344,7.86
1986-03-01,2.2,2.2,56.5420,7.48
1986-04-01,2.2,1.6,56.5599,6.99
1986-05-01,2.0,1.7,56.6823,6.85
1986-06-01,1.7,1.8,56.4976,6.92
1986-07-01,1.8,1.7,56.8140,6.56
1986-08-01,1.8,1.6,56.7381,6.17
1986-09-01,1.9,1.8,56.8532,5.89
1986-10-01,1.9,1.6,57.1191,5.85
1986-11-01,1.9,1.3,57.3792,6.04
1986-12-01,2.0,1.2,57.8623,6.91
1987-01-01,2.0,1.4,57.6850,6.43
1987-02-01,2.1,1.9,58.4399,6.10
1987-03-01,2.3,2.8,58.5160,6.13
1987-04-01,2.4,3.7,58.8851,6.37
1987-05-01,2.5,3.7,59.2653,6.85
1987-06-01,2.8,3.7,59.5409,6.73
1987-07-01,2.8,3.9,59.9536,6.58
1987-08-01,2.8,4.3,60.4517,6.73
1987-09-01,2.7,4.3,60.6069,7.22
1987-10-01,3.0,4.4,61.4910,7.29
1987-11-01,3.1,4.5,61.8137,6.69
1987-12-01,3.1,4.3,62.1190,6.77
1988-01-01,3.1,4.1,62.1469,6.83
1988-02-01,3.3,3.9,62.4169,6.58
1988-03-01,3.3,3.8,62.5418,6.58
1988-04-01,3.2,4.0,62.8959,6.87
1988-05-01,3.1,4.0,62.8223,7.09
1988-06-01,3.4,4.0,62.9823,7.51
1988-07-01,3.3,4.1,63.0093,7.75
1988-08-01,3.2,4.1,63.2723,8.01
1988-09-01,3.3,4.2,63.0990,8.19
1988-10-01,3.0,4.3,63.4122,8.30
1988-11-01,3.1,4.2,63.5128,8.35
1988-12-01,3.1,4.4,63.8233,8.76
1989-01-01,3.3,4.5,64.0153,9.12
1989-02-01,3.1,4.6,63.7242,9.36
1989-03-01,3.0,4.9,63.8691,9.85
1989-04-01,2.9,5.0,63.9124,9.84
1989-05-01,2.8,5.3,63.4884,9.81
1989-06-01,2.6,5.2,63.5187,9.53
1989-07-01,2.4,5.1,62.9354,9.24
1989-08-01,2.3,4.6,63.5168,8.99
1989-09-01,2.2,4.4,63.2954,9.02
1989-10-01,2.1,4.6,63.2542,8.84
1989-11-01,2.0,4.7,63.4616,8.55
1989-12-01,1.8,4.6,63.8467,8.45
1990-01-01,1.7,5.2,63.4228,8.23
1990-02-01,1.8,5.3,64.0446,8.24
1990-03-01,1.8,5.2,64.3580,8.28
1990-04-01,1.6,4.7,64.2602,8.26
1990-05-01,1.8,4.4,64.3973,8.18
1990-06-01,1.7,4.7,64.6041,8.29
1990-07-01,1.6,4.8,64.5205,8.15
1990-08-01,1.4,5.7,64.7326,8.13
1990-09-01,1.2,6.2,64.8145,8.20
1990-10-01,0.9,6.4,64.3274,8.11
1990-11-01,0.5,6.2,63.5753,7.81
1990-12-01,0.3,6.3,63.1594,7.31
1991-01-01,-0.1,5.6,62.8852,6.91
1991-02-01,-0.6,5.3,62.4462,6.25
1991-03-01,-1.0,4.8,62.1190,6.12
1991-04-01,-1.2,4.8,62.2415,5.91
1991-05-01,-1.4,5.0,62.8646,5.78
1991-06-01,-1.4,4.7,63.4372,5.90
1991-07-01,-1.4,4.4,63.5128,5.82
1991-08-01,-1.2,3.8,63.5671,5.66
1991-09-01,-1.1,3.4,64.1330,5.45
1991-10-01,-0.9,2.8,64.0213,5.21
1991-11-01,-0.9,3.1,63.9480,4.81
1991-12-01,-0.8,3.0,63.6937,4.43
1992-01-01,-0.7,2.7,63.3374,4.03
1992-02-01,-0.4,2.8,63.7911,4.06
1992-03-01,-0.2,3.2,64.3212,3.98
1992-04-01,0.2,3.2,64.8088,3.73
1992-05-01,0.4,3.0,65.0202,3.82
1992-06-01,0.4,3.0,65.0295,3.76
1992-07-01,0.5,3.2,65.6172,3.25
1992-08-01,0.5,3.1,65.2943,3.30
1992-09-01,0.6,3.0,65.4460,3.22
1992-10-01,0.8,3.3,65.9369,3.10
1992-11-01,1.0,3.1,66.2174,3.09
1992-12-01,1.1,3.0,66.2772,2.92
1993-01-01,1.3,3.3,66.5643,3.02
1993-02-01,1.6,3.2,66.8594,3.03
1993-03-01,1.5,3.0,66.7658,3.07
1993-04-01,1.7,3.2,67.0000,2.96
1993-05-01,1.8,3.2,66.7674,3.00
1993-06-01,1.9,3.0,66.8781,3.04
1993-07-01,2.0,2.8,67.0845,3.06
1993-08-01,2.1,2.8,67.0140,3.03
1993-09-01,2.3,2.8,67.3345,3.09
1993-10-01,2.3,2.8,67.8515,2.99
1993-11-01,2.4,2.7,68.1326,3.02
1993-12-01,2.6,2.8,68.5054,2.96
1994-01-01,2.5,2.5,68.7648,3.05
1994-02-01,2.5,2.5,68.7836,3.25
1994-03-01,3.0,2.7,69.4766,3.34
1994-04-01,3.0,2.4,69.8703,3.56
1994-05-01,3.0,2.3,70.2281,4.01
1994-06-01,3.2,2.5,70.6763,4.25
1994-07-01,3.2,2.7,70.7846,4.26
1994-08-01,3.3,2.9,71.2053,4.47
1994-09-01,3.4,3.0,71.4767,4.73
1994-10-01,3.3,2.6,72.0820,4.76
1994-11-01,3.5,2.6,72.5263,5.29
1994-12-01,3.4,2.6,73.2879,5.45
1995-01-01,3.4,2.9,73.4219,5.53
1995-02-01,3.5,2.9,73.3025,5.92
1995-03-01,3.3,2.8,73.4081,5.98
1995-04-01,3.0,3.1,73.3612,6.05
1995-05-01,2.7,3.1,73.6104,6.01
1995-06-01,2.7,3.0,73.8602,6.00
1995-07-01,2.4,2.8,73.5664,5.85
1995-08-01,2.4,2.6,74.4950,5.74
1995-09-01,2.2,2.5,74.7937,5.80
1995-10-01,2.2,2.7,74.7017,5.76
1995-11-01,1.9,2.6,74.8897,5.80
1995-12-01,1.8,2.5,75.1755,5.60
1996-01-01,1.5,2.8,74.6841,5.56
1996-02-01,1.8,2.7,75.8344,5.22
1996-03-01,1.8,2.8,75.7631,5.31
1996-04-01,1.8,2.8,76.4562,5.22
1996-05-01,2.1,2.8,77.0161,5.24
1996-06-01,2.1,2.8,77.6669,5.27
1996-07-01,2.3,2.9,77.5662,5.40
1996-08-01,2.3,2.8,78.0160,5.22
1996-09-01,2.1,3.0,78.5532,5.30
1996-10-01,2.2,3.1,78.5065,5.24
1996-11-01,2.4,3.3,79.1996,5.31
1996-12-01,2.4,3.4,79.7143,5.29
1997-01-01,2.6,3.0,79.8273,5.25
1997-02-01,2.5,3.0,80.7930,5.19
1997-03-01,2.5,2.8,81.3340,5.39
1997-04-01,2.6,2.4,81.3531,5.51
1997-05-01,2.6,2.2,81.8293,5.50
1997-06-01,2.5,2.2,82.2285,5.56
1997-07-01,2.6,2.2,82.8557,5.52
1997-08-01,2.4,2.3,83.7214,5.54
1997-09-01,2.6,2.2,84.4651,5.54
1997-10-01,2.7,2.1,85.1918,5.50
1997-11-01,2.7,1.9,85.9397,5.52
1997-12-01,2.8,1.7,86.2047,5.50
1998-01-01,2.9,1.6,86.6474,5.56
1998-02-01,2.8,1.4,86.7612,5.51
1998-03-01,2.6,1.4,86.8198,5.49
1998-04-01,2.7,1.4,87.1411,5.45
1998-05-01,2.6,1.7,87.6952,5.49
1998-06-01,2.6,1.6,87.1450,5.56
1998-07-01,2.6,1.7,86.8423,5.54
1998-08-01,2.7,1.6,88.6247,5.55
1998-09-01,2.5,1.4,88.4515,5.51
1998-10-01,2.4,1.5,89.1677,5.07
1998-11-01,2.4,1.5,89.1098,4.83
1998-12-01,2.4,1.6,89.4407,4.68
1999-01-01,2.3,1.7,89.8594,4.63
1999-02-01,2.5,1.7,90.3386,4.76
1999-03-01,2.5,1.7,90.4819,4.81
1999-04-01,2.5,2.3,90.7274,4.74
1999-05-01,2.3,2.1,91.3520,4.74
1999-06-01,2.4,2.0,91.1994,4.76
1999-07-01,2.6,2.1,91.7766,4.99
1999-08-01,2.4,2.3,92.1629,5.07
1999-09-01,2.4,2.6,91.7740,5.22
1999-10-01,2.5,2.6,92.9979,5.20
1999-11-01,2.5,2.6,93.4371,5.42
1999-12-01,2.5,2.7,94.1593,5.30
2000-01-01,2.6,2.8,94.1758,5.45
2000-02-01,2.3,3.2,94.4557,5.73
2000-03-01,2.6,3.8,94.7980,5.85
2000-04-01,2.5,3.0,95.4808,6.02
2000-05-01,2.5,3.1,95.6435,6.27
2000-06-01,2.4,3.7,95.7353,6.53
2000-07-01,2.1,3.6,95.5906,6.54
2000-08-01,2.1,3.4,95.3112,6.50
2000-09-01,2.0,3.5,95.6790,6.52
2000-10-01,1.7,3.5,95.3970,6.51
2000-11-01,1.6,3.4,95.4229,6.51
2000-12-01,1.4,3.4,95.1573,6.40
2001-01-01,1.3,3.7,94.5448,5.98
2001-02-01,1.3,3.5,93.9398,5.49
2001-03-01,0.9,3.0,93.7201,5.31
2001-04-01,0.4,3.2,93.4469,4.80
2001-05-01,0.3,3.6,92.8760,4.21
2001-06-01,0.2,3.2,92.3208,3.97
2001-07-01,-0.1,2.7,91.7933,3.77
2001-08-01,-0.1,2.7,91.6795,3.65
2001-09-01,-0.4,2.6,91.3289,3.07
2001-10-01,-0.7,2.1,90.9315,2.49
2001-11-01,-1.1,1.9,90.4860,2.09
2001-12-01,-1.3,1.6,90.5073,1.82
2002-01-01,-1.4,1.2,91.0794,1.73
2002-02-01,-1.5,1.1,91.0553,1.74
2002-03-01,-1.5,1.4,91.7980,1.73
2002-04-01,-1.4,1.6,92.1771,1.75
2002-05-01,-1.3,1.2,92.5668,1.75
2002-06-01,-1.3,1.1,93.4476,1.75
2002-07-01,-1.3,1.5,93.2237,1.73
2002-08-01,-1.2,1.7,93.2359,1.74
2002-09-01,-1.0,1.5,93.3654,1.75
2002-10-01,-0.6,2.0,93.0834,1.75
2002-11-01,-0.4,2.3,93.5693,1.34
2002-12-01,-0.4,2.5,93.1103,1.24
2003-01-01,-0.2,2.8,93.8198,1.24
2003-02-01,-0.3,3.1,93.9532,1.26
2003-03-01,-0.4,3.0,93.7358,1.25
2003-04-01,-0.3,2.2,93.0657,1.26
2003-05-01,-0.3,1.9,93.0918,1.26
2003-06-01,-0.4,1.9,93.2476,1.22
2003-07-01,-0.3,2.1,93.6582,1.01
2003-08-01,-0.3,2.2,93.5246,1.03
2003-09-01,-0.2,2.4,94.0751,1.01
2003-10-01,-0.1,2.0,94.2079,1.01
2003-11-01,-0.1,1.9,94.9338,1.00
2003-12-01,0.1,2.0,94.8662,0.98
2004-01-01,0.1,2.0,95.1085,1.00
2004-02-01,0.3,1.7,95.6847,1.01
2004-03-01,0.7,1.7,95.2088,1.00
2004-04-01,1.0,2.3,95.6385,1.00
2004-05-01,1.1,2.9,96.3966,1.00
2004-06-01,1.2,3.2,95.6019,1.03
2004-07-01,1.4,2.9,96.3385,1.26
2004-08-01,1.3,2.5,96.4095,1.43
2004-09-01,1.4,2.5,96.4907,1.61
2004-10-01,1.5,3.2,97.4094,1.76
2004-11-01,1.6,3.6,97.6137,1.93
2004-12-01,1.5,3.3,98.3318,2.16
2005-01-01,1.5,2.8,98.7845,2.28
2005-02-01,1.7,3.1,99.4639,2.50
2005-03-01,1.5,3.2,99.3061,2.63
2005-04-01,1.6,3.4,99.4734,2.79
2005-05-01,1.5,2.9,99.6033,3.00
2005-06-01,1.7,2.5,99.9853,3.04
2005-07-01,1.8,3.1,99.6692,3.26
2005-08-01,1.9,3.6,99.9435,3.50
2005-09-01,1.9,4.7,98.0779,3.62
2005-10-01,1.7,4.4,99.3149,3.78
2005-11-01,1.9,3.3,100.3216,4.00
2005-12-01,1.9,3.3,100.9437,4.16
2006-01-01,2.0,4.0,101.0627,4.29
2006-02-01,2.1,3.6,101.0669,4.49
2006-03-01,2.2,3.4,101.2751,4.59
2006-04-01,1.9,3.6,101.6813,4.79
2006-05-01,1.9,4.0,101.5790,4.94
2006-06-01,1.8,4.2,101.9693,4.99
2006-07-01,1.7,4.1,101.9319,5.24
2006-08-01,1.7,3.9,102.3327,5.25
2006-09-01,1.7,2.0,102.1252,5.25
2006-10-01,1.6,1.4,102.0668,5.25
2006-11-01,1.5,2.0,101.9688,5.25
2006-12-01,1.6,2.5,103.0292,5.24
2007-01-01,1.5,2.1,102.4933,5.25
2007-02-01,1.3,2.4,103.5264,5.26
2007-03-01,1.3,2.8,103.7521,5.26
2007-04-01,1.2,2.6,104.4814,5.25
2007-05-01,1.3,2.7,104.5322,5.25
2007-06-01,1.3,2.7,104.5617,5.25
2007-07-01,1.1,2.3,104.5227,5.26
2007-08-01,1.0,1.9,104.7556,5.02
2007-09-01,1.0,2.8,105.1611,4.94
2007-10-01,1.0,3.6,104.7171,4.76
2007-11-01,0.9,4.4,105.3338,4.49
2007-12-01,0.8,4.1,105.3457,4.24
2008-01-01,0.7,4.3,105.0619,3.94
2008-02-01,0.6,4.1,104.7094,2.98
2008-03-01,0.3,4.0,104.4616,2.61
2008-04-01,0.1,3.9,103.6704,2.28
2008-05-01,-0.1,4.1,103.0863,1.98
2008-06-01,-0.4,4.9,102.8445,2.00
2008-07-01,-0.4,5.5,102.3002,2.01
2008-08-01,-0.6,5.3,100.7353,2.00
2008-09-01,-0.9,5.0,96.3666,1.81
2008-10-01,-1.3,3.7,97.2832,0.97
2008-11-01,-2.0,1.1,96.0605,0.39
2008-12-01,-2.6,0.0,93.2521,0.16
2009-01-01,-3.1,-0.1,91.0373,0.15
2009-02-01,-3.6,0.0,90.4502,0.22
2009-03-01,-4.2,-0.4,89.0160,0.18
2009-04-01,-4.4,-0.6,88.3056,0.15
2009-05-01,-4.6,-1.0,87.4155,0.18
2009-06-01,-4.9,-1.2,87.0742,0.21
2009-07-01,-5.0,-2.0,88.0323,0.16
2009-08-01,-5.0,-1.5,89.0190,0.16
2009-09-01,-4.8,-1.4,89.6926,0.15
2009-10-01,-4.6,-0.2,89.9797,0.12
2009-11-01,-4.0,1.9,90.3375,0.12
2009-12-01,-3.7,2.8,90.6132,0.12
2010-01-01,-3.2,2.6,91.6642,0.11
2010-02-01,-2.7,2.2,91.9940,0.13
2010-03-01,-2.0,2.3,92.5993,0.16
2010-04-01,-1.2,2.2,92.9436,0.20
2010-05-01,-0.6,2.0,94.2997,0.20
2010-06-01,-0.4,1.1,94.4397,0.18
2010-07-01,-0.2,1.3,94.8536,0.18
2010-08-01,0.0,1.2,95.1448,0.19
2010-09-01,0.1,1.1,95.3637,0.19
2010-10-01,0.3,1.2,95.1109,0.19
2010-11-01,0.5,1.1,95.1383,0.19
2010-12-01,0.7,1.4,96.0599,0.18
2011-01-01,0.7,1.7,95.9364,0.17
2011-02-01,1.0,2.1,95.5154,0.16
2011-03-01,1.1,2.6,96.4643,0.14
2011-04-01,1.2,3.1,96.1187,0.10
2011-05-01,0.8,3.5,96.3377,0.09
2011-06-01,1.1,3.5,96.6154,0.09
2011-07-01,1.2,3.6,97.1292,0.07
2011-08-01,1.3,3.8,97.6731,0.10
2011-09-01,1.5,3.8,97.6494,0.08
2011-10-01,1.5,3.5,98.3222,0.07
2011-11-01,1.5,3.5,98.2433,0.08
2011-12-01,1.6,3.1,98.7876,0.07
2012-01-01,1.8,3.0,99.3925,0.08
2012-02-01,1.9,2.9,99.6203,0.10
2012-03-01,1.9,2.6,99.1551,0.13
2012-04-01,1.6,2.3,99.9006,0.14
2012-05-01,1.7,1.7,100.0924,0.16
2012-06-01,1.6,1.7,100.0728,0.16
2012-07-01,1.7,1.4,100.3354,0.16
2012-08-01,1.7,1.7,99.8560,0.13
2012-09-01,1.6,1.9,99.9049,0.14
2012-10-01,1.6,2.2,100.1167,0.16
2012-11-01,1.6,1.8,100.5991,0.16
2012-12-01,1.7,1.8,100.9542,0.16
2013-01-01,1.5,1.7,100.8204,0.14
2013-02-01,1.6,2.0,101.3995,0.15
2013-03-01,1.5,1.5,101.8114,0.14
2013-04-01,1.5,1.1,101.6364,0.15
2013-05-01,1.6,1.4,101.7476,0.11
2013-06-01,1.6,1.7,101.9549,0.09
2013-07-01,1.7,1.9,101.5204,0.09
2013-08-01,1.7,1.5,102.1907,0.08
2013-09-01,1.7,1.1,102.7170,0.08
2013-10-01,1.7,0.9,102.5371,0.09
2013-11-01,1.8,1.2,102.8379,0.08
2013-12-01,1.7,1.5,103.1504,0.09
2014-01-01,1.8,1.6,102.7216,0.07
2014-02-01,1.6,1.1,103.5917,0.07
2014-03-01,1.7,1.6,104.5889,0.08
2014-04-01,1.8,2.0,104.6371,0.09
2014-05-01,1.8,2.2,105.0152,0.09
2014-06-01,1.9,2.1,105.4081,0.10
2014-07-01,2.0,2.0,105.6157,0.09
2014-08-01,1.9,1.7,105.4986,0.09
2014-09-01,2.0,1.7,105.8138,0.09
2014-10-01,2.1,1.6,105.8357,0.09
2014-11-01,2.0,1.2,106.6634,0.09
2014-12-01,2.2,0.7,106.5085,0.12
2015-01-01,2.2,-0.2,105.9806,0.11
2015-02-01,2.3,-0.1,105.4425,0.11
2015-03-01,2.1,0.0,105.1464,0.11
2015-04-01,2.1,-0.1,104.5272,0.12
2015-05-01,2.1,0.0,104.0742,0.12
2015-06-01,2.1,0.2,103.7174,0.13
2015-07-01,2.2,0.2,104.3243,0.13
2015-08-01,2.0,0.2,104.1621,0.14
2015-09-01,1.9,0.0,103.7768,0.14
2015-10-01,2.0,0.1,103.3976,0.12
2015-11-01,1.9,0.4,102.6866,0.12
2015-12-01,1.9,0.6,102.1014,0.24
2016-01-01,1.9,1.3,102.9525,0.34
2016-02-01,1.9,0.9,102.2225,0.38
2016-03-01,1.9,0.9,101.4155,0.36
2016-04-01,1.9,1.1,101.5167,0.37
2016-05-01,1.6,1.0,101.4298,0.37
2016-06-01,1.8,1.0,101.8747,0.38
2016-07-01,1.8,0.9,102.1325,0.39
2016-08-01,1.8,1.1,102.0407,0.40
2016-09-01,1.9,1.5,102.0477,0.40
2016-10-01,1.7,1.6,102.2485,0.40
2016-11-01,1.7,1.7,102.0507,0.41
2016-12-01,1.5,2.1,102.9281,0.54
2017-01-01,1.6,2.5,103.0366,0.65
2017-02-01,1.8,2.7,102.6479,0.66
2017-03-01,1.6,2.4,103.3430,0.79
2017-04-01,1.5,2.2,104.2721,0.90
2017-05-01,1.6,1.9,104.4129,0.91
2017-06-01,1.6,1.7,104.5849,1.04
2017-07-01,1.5,1.8,104.5427,1.15
2017-08-01,1.6,2.0,104.0475,1.16
2017-09-01,1.4,2.2,104.0502,1.15
2017-10-01,1.5,2.0,105.6287,1.15
2017-11-01,1.6,2.2,106.1930,1.16
2017-12-01,1.5,2.1,106.5360,1.30
2018-01-01,1.4,2.1,106.2655,1.41
2018-02-01,1.6,2.2,106.6419,1.42
2018-03-01,1.6,2.3,107.2519,1.51
2018-04-01,1.5,2.4,108.2223,1.69
2018-05-01,1.6,2.8,107.3639,1.70
2018-06-01,1.6,2.9,108.1707,1.82
2018-07-01,1.6,2.9,108.6520,1.91
2018-08-01,1.7,2.7,109.5246,1.91
2018-09-01,1.6,2.4,109.6749,1.95
2018-10-01,1.6,2.5,109.9165,2.19
2018-11-01,1.5,2.2,110.5067,2.20
2018-12-01,1.6,1.9,110.5516,2.27
2019-01-01,1.7,1.5,110.1185,2.40
2019-02-01,1.4,1.5,109.5631,2.40
2019-03-01,1.4,1.9,109.6811,2.41
2019-04-01,1.4,2.0,108.9888,2.42
2019-05-01,1.2,1.8,109.2264,2.39
2019-06-01,1.2,1.7,109.2774,2.38
2019-07-01,1.3,1.8,109.0852,2.40
2019-08-01,1.3,1.7,109.8543,2.13
2019-09-01,1.3,1.7,109.4725,2.04
2019-10-01,1.3,1.8,109.0270,1.83
2019-11-01,1.4,2.0,110.0388,1.55
2019-12-01,1.4,2.3,109.6527,1.55
2020-01-01,1.5,2.5,109.1845,1.55
2020-02-01,1.6,2.3,109.2966,1.58
2020-03-01,0.5,1.5,104.5221,0.65
2020-04-01,-13.4,0.4,91.2658,0.05
2020-05-01,-11.7,0.2,91.9327,0.05
2020-06-01,-8.7,0.7,97.6071,0.08
2020-07-01,-7.7,1.0,101.6989,0.09
2020-08-01,-6.9,1.3,102.1509,0.10
2020-09-01,-6.4,1.4,101.5055,0.09