,T10Y3M,T10Y3M_1,T10Y3M_2,T10Y3M_3,T10Y3M_4,T10Y3M_5,T10Y3M_6,T10Y3M_7,T10Y3M_8,T10Y3M_9,T10Y3M_10,T10Y3M_11,T10Y3M_12,T10Y3M_13,T10Y3M_14,T10Y3M_15,T10Y3M_16,T10Y3M_17,T10Y3M_18,T10Y3M_19,T10Y3M_20,T10Y3M_21,T10Y3M_22,T10Y3M_23,T10Y3M_24,T10Y3M_25,T10Y3M_26,T10Y3M_27,T10Y3M_28,T10Y3M_29,T10Y3M_30,T10Y3M_31,T10Y3M_32,T10Y3M_33,T10Y3M_34,T10Y3M_35,T10Y3M_36,T10Y3M_37,T10Y3M_38,T10Y3M_39,T10Y3M_40,T10Y3M_41,T10Y3M_42,T10Y3M_43,T10Y3M_44,T10Y3M_45,T10Y3M_46,T10Y3M_47,T10Y3M_48,T10Y3M_49,T10Y3M_50,T10Y3M_51,T10Y3M_52,T10Y3M_53,T10Y3M_54,T10Y3M_55,T10Y3M_56,T10Y3M_57,T10Y3M_58,T10Y3M_59,T10Y3M_60,T10Y3M_61,T10Y3M_62,T10Y3M_63,T10Y3M_64,T10Y3M_65,T10Y3M_66,T10Y3M_67,T10Y3M_68,T10Y3M_69,T10Y3M_70,T10Y3M_71,T10Y3M_72,T10Y3M_73,T10Y3M_74,T10Y3M_75,T10Y3M_76,T10Y3M_77,T10Y3M_78,T10Y3M_79,T10Y3M_80,T10Y3M_81,T10Y3M_82,T10Y3M_83,T10Y3M_84,T10Y3M_85,T10Y3M_86,T10Y3M_87,T10Y3M_88,T10Y3M_89
1982-01-01,0.0,0.0,0.0,0.0,0.0,0.0,0.0,0.0,0.0,0.0,0.0,0.0,0.0,0.0,0.0,0.0,0.0,0.0,0.0,0.0,0.0,0.0,0.0,0.0,0.0,0.0,0.0,0.0,0.0,0.0,0.0,0.0,0.0,0.0,0.0,0.0,0.0,0.0,0.0,0.0,0.0,0.0,0.0,0.0,0.0,0.0,0.0,0.0,0.0,0.0,0.0,0.0,0.0,0.0,0.0,0.0,0.0,0.0,0.0,0.0,0.0,0.0,0.0,0.0,0.0,0.0,0.0,0.0,0.0,0.0,0.0,0.0,0.0,0.0,0.0,0.0,0.0,0.0,0.0,0.0,0.0,0.0,0.0,0.0,0.0,0.0,0.0,0.0,0.0,0.0
1982-04-01,0.21,3.75,0.0,-1.0,-0.5,-0.33,-0.42,0.06,-0.15,0.27,0.24,0.32,0.47,-0.52,-0.19,-0.1,0.18,-0.05,-0.05,-0.05,-0.2,-0.03,-0.04,-0.23,0.1,0.11,0.12,-0.04,-0.1,0.62,-0.5,0.0,0.0,0.0,-0.08,0.08,0.04,0.35,0.43,0.76,3.19,-1.23,-0.63,-0.16,0.0,0.0,0.0,0.0,-1.0,4.0,-2.75,-1.25,0.6,1.5,-3.0,-0.95,6.6,-3.5,-0.89,-1.84,-0.65,-0.39,-0.27,0.31,0.25,0.59,-0.23,-0.19,-0.16,0.09,-0.25,-0.22,0.25,-0.16,-0.13,-0.12,0.36,-0.28,0.01,-0.09,-0.03,-0.02,-0.02,0.02,0.01,0.08,-0.03,0.0,0.0,0.0
1982-07-01,0.17,0.33,-0.12,0.01,0.01,0.01,-0.2,0.04,-0.17,-0.15,0.05,0.05,0.05,-0.02,0.08,-0.04,-0.04,-0.01,-0.01,-0.01,-0.08,0.09,0.15,-0.03,0.01,0.01,0.01,-0.06,0.09,-0.15,0.0,-1.0,-0.5,-0.33,0.05,0.01,0.06,-0.03,0.01,0.01,0.01,0.0,0.31,0.62,0.31,-0.01,-0.01,-0.01,0.06,-0.02,0.1,0.75,-0.18,-0.15,-0.13,0.0,0.12,0.52,-0.45,-0.14,-0.12,-0.11,0.07,-0.01,0.03,0.25,-0.1,-0.09,-0.08,-0.03,-0.25,0.48,0.05,0.07,0.07,0.08,0.14,-0.14,0.02,0.25,0.5,1.0,0.0,-1.0,-0.37,-0.07,0.02,0.26,0.36,0.56
1982-10-01,0.02,-0.03,-0.04,-0.01,-0.01,-0.01,-0.01,-0.04,-0.01,0.04,-0.03,0.01,0.01,0.01,-0.0,0.03,-0.05,0.04,0.01,0.01,0.01,0.03,0.01,0.02,0.0,-1.0,-0.5,-0.33,0.02,-0.02,-0.01,-0.06,-0.02,-0.02,-0.02,-0.1,0.09,0.06,-0.05,-0.01,-0.01,-0.01,0.05,0.12,-0.02,0.05,0.04,0.05,0.05,-0.06,0.14,0.02,-0.05,0.03,0.03,0.03,-0.11,-0.01,0.07,-0.1,0.06,0.06,0.06,0.09,0.12,-0.07,-0.1,0.02,0.02,0.02,0.06,0.11,-0.0,0.12,0.02,0.02,0.02,0.11,0.16,0.02,-0.07,-0.02,-0.02,-0.02,0.02,0.45,-0.09,0.0,-1.0,-0.5
1983-01-01,-0.0,0.0,0.05,-0.03,-0.07,0.5,1.0,0.0,-1.0,-0.03,-0.01,-0.07,0.01,0.01,0.01,0.01,-0.05,0.04,0.08,-0.0,-0.0,-0.0,0.0,-0.01,0.04,-0.02,-0.01,-0.01,-0.01,0.0,0.08,-0.02,-0.0,-0.01,-0.01,-0.01,0.0,-1.0,0.03,0.06,0.02,0.02,0.02,0.07,-0.02,-0.02,0.06,-0.03,-0.03,-0.03,0.0,-1.0,-0.05,-0.06,-0.01,-0.01,-0.01,0.0,0.01,0.0,-1.0,-0.01,-0.01,-0.01,-0.02,-0.01,-0.0,-0.12,0.01,0.01,0.01,0.02,-0.0,0.02,-0.03,-0.0,-0.0,-0.0,0.05,0.04,-0.07,0.0,-1.0,-0.5,-0.33,-0.01,-0.09,-0.02,-0.07,-0.04
1983-04-01,-1.0,0.03,-0.01,-0.01,0.0,0.0,0.0,-0.06,-0.03,0.07,-0.06,-0.01,-0.01,-0.01,-0.05,0.01,0.01,-0.03,-0.01,-0.01,-0.01,0.01,0.05,0.0,-0.02,-0.01,-0.01,-0.01,0.0,0.01,0.0,-0.05,-0.02,-0.02,-0.02,-0.02,0.01,-0.04,0.0,-1.0,-0.5,-0.33,0.0,0.0,0.04,-0.01,-0.02,-0.02,-0.02,0.0,-0.03,0.01,-0.02,-0.0,-0.0,-0.0,-0.01,0.03,0.04,-0.05,-0.0,-0.0,-0.0,0.03,0.02,0.01,-0.01,0.0,0.0,0.0,-0.03,-0.03,0.03,-0.01,-0.01,-0.01,-0.01,0.06,-0.01,-0.01,-0.01,0.01,0.01,0.01,0.07,0.04,0.0,-0.03,-0.0,-0.0
1983-07-01,0.04,0.01,0.05,-0.02,0.03,0.03,0.03,0.01,0.07,0.01,-0.01,-0.04,-0.04,-0.04,0.01,-0.01,-0.03,-0.01,-0.01,-0.01,-0.01,-0.01,0.03,0.04,-0.08,-0.02,-0.02,-0.02,-0.01,0.05,0.01,0.0,-1.0,-0.5,-0.33,0.02,0.01,0.0,-0.04,-0.04,-0.04,-0.04,0.01,0.01,0.02,0.03,0.0,0.0,0.0,0.02,-0.03,0.04,0.02,-0.01,-0.01,-0.01,0.03,0.0,-0.06,0.0,0.01,0.01,0.01,-0.01,0.01,-0.02,-0.02,-0.0,-0.0,-0.0,-0.01,0.0,0.04,-0.01,0.01,0.01,0.01,0.02,-0.02,-0.01,-0.02,0.01,0.01,0.01,0.03,0.03,0.05,0.04,0.5,1.0
1983-10-01,-0.01,0.06,-0.05,0.0,0.0,0.01,0.01,0.01,0.0,-0.02,0.03,-0.03,0.01,0.01,0.01,-0.05,0.03,0.06,0.0,-0.0,-0.0,-0.0,-0.04,0.04,-0.02,0.0,-1.0,-0.5,-0.33,-0.0,0.02,0.06,-0.01,0.02,0.02,0.02,-0.01,0.04,0.02,0.0,-0.0,-0.0,-0.0,0.0,0.05,0.02,-0.03,-0.02,-0.02,-0.02,0.0,-0.06,0.0,-0.05,0.01,0.01,0.01,0.0,0.06,0.11,-0.11,0.0,0.0,0.0,0.02,0.02,0.03,0.02,0.0,0.0,0.0,0.05,0.02,-0.01,-0.05,0.0,0.0,0.0,0.0,-0.01,0.02,0.02,0.0,0.0,0.0,0.03,0.01,-0.04,0.0,-1.0
1984-01-01,-0.5,-0.33,0.02,-0.01,0.0,0.0,-1.0,-0.5,-0.33,-0.02,0.02,0.01,0.01,0.0,0.0,0.0,-0.01,-0.02,0.0,-0.03,0.0,0.0,0.0,0.02,0.01,0.01,-0.01,0.0,0.0,0.0,0.05,-0.01,0.01,-0.01,-0.01,-0.01,-0.01,0.0,-1.0,-0.01,-0.03,0.0,0.0,0.0,0.0,-0.02,-0.0,0.0,0.5,1.0,0.0,-1.0,-0.03,0.0,-1.0,0.0,0.0,0.0,-0.03,-0.03,-0.0,-0.01,0.02,0.02,0.02,0.02,-0.02,0.01,0.03,0.01,0.01,0.01,-0.01,-0.02,0.0,0.02,0.02,0.02,0.02,-0.01,0.02,0.02,0.0,-1.0,-0.5,-0.33,0.02,0.0,-0.05,0.05
1984-04-01,0.01,0.01,0.04,0.01,0.01,-0.03,0.0,0.0,0.0,0.01,0.03,0.0,-0.09,-0.0,-0.0,-0.0,0.01,-0.01,-0.02,-0.01,0.01,0.01,0.01,-0.01,-0.0,0.02,-0.01,0.01,0.01,0.01,-0.02,-0.01,0.02,0.0,0.01,0.01,0.01,0.02,-0.0,0.0,0.0,-1.0,-0.5,-0.33,0.0,0.01,-0.02,0.0,-1.0,-0.5,-0.33,0.03,0.04,-0.01,0.04,-0.01,-0.01,-0.01,-0.02,-0.03,-0.01,-0.0,0.01,0.01,0.01,0.0,0.0,0.0,0.0,0.0,0.0,0.0,-0.01,0.0,0.0,-0.04,-0.01,-0.01,-0.01,0.02,0.0,0.01,-0.02,-0.0,-0.0,-0.0,0.01,0.02,-0.03,0.0
1984-07-01,0.02,0.02,-0.01,-0.02,0.01,-0.0,0.01,0.01,0.01,0.04,0.01,0.09,0.05,-0.0,-0.0,-0.0,-0.05,-0.02,0.03,-0.03,-0.01,-0.01,-0.01,-0.03,-0.02,0.05,0.01,-0.03,-0.03,-0.03,-0.09,-0.02,0.01,0.0,-1.0,-0.5,-0.33,0.05,0.13,0.05,-0.09,0.01,0.01,0.01,-0.04,0.03,0.1,-0.08,0.02,0.02,0.02,0.02,0.07,0.06,-0.05,-0.0,-0.0,-0.0,-0.01,0.01,0.02,0.01,0.0,0.0,0.0,-0.02,0.03,-0.01,-0.03,0.5,1.0,0.0,-1.0,0.04,0.06,-0.01,-0.0,-0.0,-0.0,0.03,-0.04,-0.01,-0.0,0.01,0.01,0.01,-0.0,-0.01,0.01,-0.02
1984-10-01,0.01,0.01,0.01,0.06,-0.04,-0.02,0.03,0.0,0.0,0.0,0.1,0.04,-0.03,0.01,-0.01,-0.01,-0.01,-0.04,-0.02,0.0,-0.03,0.01,0.01,0.01,-0.03,-0.04,0.06,0.0,-1.0,-0.5,-0.33,-0.01,0.02,0.01,0.01,-0.01,-0.01,-0.01,-0.03,0.0,0.02,-0.02,-0.03,-0.02,-0.02,-0.03,-0.05,0.09,0.05,0.01,0.01,0.01,0.03,0.0,0.02,-0.02,0.01,0.01,0.01,-0.07,-0.06,-0.06,-0.09,0.01,0.01,0.01,0.01,-0.07,-0.09,-0.04,-0.01,-0.01,-0.01,0.02,-0.03,0.01,-0.05,-0.0,-0.0,-0.0,-0.01,-0.02,0.02,-0.03,-0.03,-0.03,-0.03,-0.01,0.0,-1.0
1985-01-01,-1.0,-0.0,-0.0,-0.0,-0.02,-0.01,0.0,-1.0,0.01,0.01,0.01,0.0,-0.02,0.05,-0.01,0.01,0.01,0.01,0.02,0.05,0.01,-0.02,-0.01,-0.01,-0.01,0.08,0.03,0.01,-0.05,0.0,0.0,0.0,0.03,0.03,0.04,0.04,0.0,0.0,0.0,0.0,-1.0,-0.02,-0.03,-0.01,-0.01,-0.01,0.01,0.01,-0.0,0.0,-1.0,-0.5,-0.33,0.01,-0.05,0.0,-1.0,0.04,0.04,0.04,0.01,-0.06,0.1,-0.04,0.0,0.0,0.0,-0.01,0.03,0.14,-0.01,-0.0,-0.0,-0.0,0.01,-0.01,0.03,0.01,-0.01,-0.01,-0.01,0.02,0.04,0.02,0.0,-1.0,-0.5,-0.33,-0.06,0.0
1985-04-01,0.0,0.0,0.0,-0.02,0.02,0.03,0.0,0.01,0.01,0.01,-0.0,0.0,-0.02,-0.02,-0.0,-0.0,-0.0,0.12,-0.04,0.02,0.0,0.01,0.01,0.01,0.0,-0.03,0.02,-0.01,0.0,0.0,0.0,-0.07,-0.01,0.02,0.0,-0.0,-0.0,-0.0,0.06,-0.03,0.03,0.0,-1.0,-0.5,-0.33,0.04,-0.02,0.0,-1.0,0.01,0.01,0.01,-0.03,-0.01,0.04,-0.0,0.01,0.01,0.01,-0.01,-0.05,-0.01,-0.04,-0.01,-0.01,-0.01,0.01,-0.04,0.0,0.0,-1.0,-0.5,-0.33,-0.03,-0.01,0.0,-0.04,0.01,0.01,0.01,0.03,-0.01,0.04,-0.01,-0.01,-0.01,-0.01,0.01,-0.01,0.0
1985-07-01,-0.01,-0.01,-0.01,-0.02,-0.02,0.05,0.01,0.01,0.01,0.01,-0.0,-0.0,0.02,0.02,-0.01,-0.01,-0.01,0.02,0.06,0.05,0.01,-0.02,-0.02,-0.02,0.04,-0.0,-0.06,0.02,-0.01,-0.01,-0.01,-0.02,-0.0,0.0,0.0,-1.0,-0.5,-0.33,0.0,0.02,0.01,0.0,-0.02,-0.01,-0.01,0.0,-0.0,0.07,-0.02,0.0,0.0,0.0,-0.05,0.01,0.01,-0.02,-0.0,-0.0,-0.0,-0.01,0.0,-0.01,-0.02,0.01,0.01,0.01,0.0,0.01,0.01,0.0,0.01,0.01,0.01,-0.02,-0.02,0.06,0.01,-0.01,-0.01,-0.01,0.0,-0.03,-0.03,-0.02,0.5,1.0,0.0,-1.0,0.02,0.03
1985-10-01,-0.0,0.5,1.0,0.0,-1.0,-0.04,-0.03,0.0,0.02,0.02,0.02,0.0,0.01,0.04,0.01,0.0,0.0,0.0,-0.03,0.0,0.01,0.01,-0.0,-0.0,-0.0,0.03,0.01,-0.0,0.0,-1.0,-0.5,-0.33,0.02,-0.01,0.01,-0.01,0.0,0.0,0.0,0.01,-0.01,0.0,-0.01,-0.01,-0.01,-0.01,-0.0,-0.04,-0.01,0.01,0.01,0.01,0.01,-0.02,-0.04,-0.0,0.01,0.0,0.0,0.0,0.04,-0.02,-0.03,-0.01,0.0,0.0,0.0,0.02,0.03,0.02,0.0,0.01,0.01,0.01,0.0,0.0,-0.0,-0.01,0.0,0.0,0.0,-0.01,0.01,0.01,-0.01,-0.0,-0.0,-0.0,0.0,-1.0
1986-01-01,-1.0,-0.07,0.01,0.01,0.01,0.0,0.0,-1.0,0.01,0.0,0.0,0.0,0.0,0.01,-0.03,-0.05,-0.02,-0.02,-0.02,0.03,0.02,-0.02,-0.05,-0.02,-0.02,-0.02,0.02,-0.02,-0.02,0.01,-0.0,-0.0,-0.0,0.0,-1.0,-0.01,0.0,0.01,0.01,0.01,0.04,-0.05,-0.02,0.02,-0.01,-0.01,-0.01,0.02,0.01,-0.01,0.0,-1.0,-0.5,-0.33,0.0,-0.03,-0.0,-0.02,-0.01,-0.01,-0.01,-0.02,0.02,-0.04,-0.05,0.01,0.01,0.01,0.03,-0.01,-0.02,0.0,-0.0,-0.0,-0.0,-0.02,-0.01,-0.01,0.0,-1.0,-0.5,-0.33,0.01,-0.02,-0.01,-0.04,-0.0,-0.0,-0.0,0.01
1986-04-01,-0.01,0.5,1.0,0.0,-1.0,-0.07,-0.09,0.04,-0.03,-0.03,-0.03,0.04,0.01,0.04,0.09,0.01,0.01,0.01,0.03,0.12,-0.09,-0.02,-0.07,-0.06,-0.06,0.01,0.09,0.21,0.09,-0.04,-0.03,-0.03,0.0,-0.16,-0.05,-0.03,-0.04,-0.04,-0.03,-0.04,-0.04,-0.01,0.0,-1.0,-0.5,-0.33,-0.05,-0.03,-0.01,0.01,-0.02,-0.02,-0.02,-0.02,-0.02,-0.02,-0.02,-0.02,-0.02,-0.02,0.03,0.0,-0.04,-0.02,-0.02,-0.01,-0.01,0.0,-0.0,0.04,0.0,-1.0,-0.5,-0.33,-0.04,0.05,-0.03,-0.03,0.01,0.01,0.01,0.05,0.08,0.03,-0.06,0.0,0.0,0.0,0.03,0.0
1986-07-01,-0.02,0.01,0.01,0.01,0.02,0.0,-0.04,-0.03,-0.02,-0.02,-0.02,-0.06,0.08,-0.04,0.03,-0.01,-0.01,-0.01,-0.09,0.02,-0.08,0.02,0.03,0.03,0.03,-0.1,-0.04,0.06,-0.1,0.04,0.04,0.04,0.04,0.11,-0.02,0.0,-1.0,-0.5,-0.33,-0.01,-0.01,0.03,-0.08,0.0,0.0,0.0,0.1,0.04,0.02,0.01,0.03,0.03,0.03,0.06,-0.02,-0.02,0.02,0.01,0.01,0.01,0.02,0.05,-0.01,-0.07,-0.02,-0.02,-0.02,0.03,0.12,-0.04,0.13,-0.02,-0.02,-0.02,0.03,-0.02,-0.16,0.13,-0.02,-0.02,-0.02,0.13,-0.05,0.08,0.0,-0.01,-0.01,-0.01,0.17,0.11
1986-10-01,-0.01,-0.01,0.01,0.01,0.01,-0.0,0.0,-0.04,-0.02,-0.01,-0.01,-0.01,0.01,0.02,-0.03,0.02,-0.02,-0.02,-0.02,0.05,0.08,0.02,0.01,0.01,0.01,0.01,0.07,0.0,0.07,0.0,-1.0,-0.5,-0.33,0.02,0.01,0.04,-0.06,0.01,0.01,0.01,0.08,0.07,0.03,-0.05,-0.01,-0.01,-0.01,0.01,-0.01,-0.03,0.04,-0.01,-0.01,-0.01,-0.08,-0.02,0.05,0.05,0.01,0.01,0.01,0.01,-0.01,0.01,-0.05,0.03,0.03,0.03,-0.01,0.05,0.0,0.05,-0.01,-0.01,-0.01,0.02,0.0,0.03,-0.07,-0.02,-0.02,-0.02,0.07,0.02,-0.05,0.05,0.5,1.0,0.0,-1.0
1987-01-01,-1.0,0.01,0.03,-0.0,-0.0,-0.0,0.0,-1.0,-0.02,-0.03,-0.01,-0.01,-0.01,0.07,0.02,-0.04,-0.07,0.0,0.0,0.0,0.01,0.05,-0.02,0.0,-0.02,-0.02,-0.02,0.05,-0.03,-0.01,-0.06,0.0,0.0,0.0,0.0,-1.0,0.0,0.02,-0.02,-0.02,-0.02,0.0,-0.03,-0.03,0.07,-0.02,-0.02,-0.02,-0.02,-0.01,0.0,-1.0,-0.02,-0.02,-0.02,0.01,0.04,-0.04,-0.01,-0.01,-0.01,-0.01,0.01,-0.04,-0.02,0.01,0.0,0.0,0.0,0.01,-0.01,-0.03,-0.04,0.01,0.01,0.01,-0.02,0.0,-0.01,0.0,-1.0,-0.5,-0.33,0.01,0.0,0.02,-0.0,0.0,0.0,0.0
1987-04-01,0.09,0.02,0.03,0.04,0.04,0.01,-0.01,0.03,0.02,-0.02,-0.02,-0.02,-0.01,0.01,0.04,0.05,-0.0,-0.0,-0.0,0.02,0.0,0.0,-0.03,0.0,0.0,0.0,-0.04,0.01,-0.03,-0.03,-0.01,-0.01,-0.01,-0.01,0.0,0.01,-0.03,-0.0,-0.0,-0.0,0.02,0.06,0.06,0.0,-1.0,-0.5,-0.33,0.03,0.07,0.0,-0.02,0.0,0.0,0.0,-0.06,0.01,-0.04,0.03,0.01,0.01,0.01,-0.05,-0.01,-0.01,-0.01,0.0,0.0,0.0,0.01,-0.03,-0.01,0.0,-1.0,-0.5,-0.33,-0.01,-0.02,0.01,0.04,0.01,0.01,0.01,0.01,-0.01,0.04,0.03,-0.03,-0.03,-0.02,0.0
1987-07-01,0.03,0.0,0.01,0.01,0.01,0.08,-0.03,-0.02,-0.02,-0.01,-0.01,-0.01,0.01,0.02,-0.03,0.02,-0.02,-0.02,-0.02,-0.07,-0.04,0.01,0.07,0.01,0.01,0.01,-0.04,-0.01,-0.0,0.1,-0.01,-0.01,-0.01,-0.04,0.03,-0.02,0.0,-1.0,-0.5,-0.33,-0.04,0.04,0.04,0.11,-0.0,-0.0,-0.0,-0.0,-0.07,0.03,0.01,0.0,0.0,0.0,-0.03,-0.02,0.17,-0.07,0.01,0.01,0.01,0.04,0.02,0.08,-0.05,-0.02,-0.02,-0.02,-0.07,0.03,0.05,0.02,0.5,1.0,0.0,-1.0,0.03,0.03,0.17,-0.02,-0.02,-0.02,0.05,-0.05,0.0,0.03,-0.01,-0.01,-0.01,0.01
1987-10-01,0.0,0.03,0.0,-0.01,-0.01,-0.01,-0.02,0.06,0.02,-0.03,-0.0,-0.0,-0.0,-0.05,-0.03,0.03,0.04,0.0,0.0,0.0,-0.04,0.02,-0.0,0.0,-1.0,-0.5,-0.33,-0.07,-0.03,0.1,0.07,0.01,0.01,0.01,0.03,0.04,-0.01,-0.02,-0.01,-0.01,-0.01,0.02,-0.04,0.0,0.05,-0.01,-0.01,-0.01,-0.02,-0.04,-0.01,-0.01,-0.0,-0.0,-0.0,-0.05,0.05,-0.04,0.08,0.02,0.02,0.02,0.02,-0.06,-0.01,-0.02,-0.01,-0.01,-0.01,-0.03,0.0,0.03,-0.03,0.01,0.01,0.01,-0.01,-0.01,0.03,0.0,0.01,0.01,0.01,-0.01,0.0,0.03,0.02,0.5,1.0,0.0
1988-01-01,-1.0,0.03,0.02,-0.06,0.5,1.0,0.0,-1.0,0.01,0.01,0.02,-0.01,-0.01,-0.01,-0.03,0.01,-0.03,-0.06,-0.01,-0.01,-0.01,0.04,0.03,-0.0,0.01,-0.03,-0.03,-0.03,-0.03,0.02,0.02,-0.08,0.03,0.03,0.03,0.0,-1.0,0.05,0.05,-0.01,-0.01,-0.01,-0.04,0.03,0.04,0.03,-0.0,-0.0,-0.0,-0.02,0.0,-1.0,0.03,0.0,0.0,0.0,-0.04,-0.06,0.01,-0.01,-0.03,-0.03,-0.03,-0.07,-0.02,0.07,0.05,-0.01,-0.01,-0.01,0.02,-0.02,0.05,-0.04,0.04,0.05,0.05,0.07,0.06,-0.07,0.0,-1.0,-0.5,-0.33,0.0,0.0,-0.01,0.06,0.01,0.01
1988-04-01,-1.0,0.02,0.0,-0.0,0.01,0.01,0.01,0.02,0.03,-0.02,-0.02,-0.0,-0.0,-0.0,0.02,-0.02,0.02,0.05,0.0,0.0,0.0,-0.02,0.0,0.0,0.01,0.0,0.0,0.0,0.02,0.0,-0.0,0.0,-0.01,-0.01,-0.01,0.0,0.02,0.01,-0.01,-0.0,-0.0,-0.0,-0.0,0.0,0.02,0.0,-1.0,-0.5,-0.33,0.0,0.01,-0.03,0.01,0.01,0.01,0.01,-0.04,0.04,0.01,-0.05,-0.01,-0.01,-0.01,-0.01,0.0,-0.03,0.05,-0.01,-0.01,-0.01,-0.02,-0.03,0.06,0.0,-1.0,-0.5,-0.33,-0.09,-0.04,-0.01,-0.03,0.01,0.01,0.01,0.01,0.03,0.06,-0.04,0.5,1.0
1988-07-01,-0.02,-0.02,0.02,-0.05,0.0,0.0,0.0,-0.01,-0.01,-0.04,-0.06,-0.0,-0.0,-0.0,0.02,0.1,0.01,-0.05,-0.0,-0.0,-0.0,-0.02,-0.0,-0.03,0.04,-0.0,-0.0,-0.0,-0.05,0.03,-0.07,0.0,-1.0,-0.5,-0.33,0.0,-0.03,-0.01,-0.01,-0.0,-0.0,-0.0,-0.02,0.02,0.06,0.01,-0.0,-0.0,-0.0,-0.0,0.02,0.02,0.01,-0.0,-0.0,-0.0,-0.01,-0.01,0.0,-0.03,-0.01,-0.01,-0.01,-0.01,-0.01,0.01,-0.0,-0.0,-0.0,-0.0,-0.01,0.0,-0.0,0.02,0.01,0.01,0.01,-0.03,0.09,0.02,0.05,0.01,0.01,0.01,-0.02,-0.0,-0.04,-0.06,0.5,1.0
1988-10-01,-0.01,-0.05,-0.02,0.01,0.01,-0.01,-0.01,-0.01,-0.01,0.01,-0.01,-0.04,0.01,0.01,0.01,0.03,0.01,-0.03,0.03,0.02,0.02,0.02,-0.01,0.01,-0.04,0.0,-1.0,-0.5,-0.33,-0.1,0.01,-0.01,0.0,-0.02,-0.01,-0.01,-0.06,0.0,-0.01,-0.05,-0.0,-0.0,-0.0,-0.02,-0.01,0.03,-0.03,0.0,0.0,0.0,0.0,0.01,0.09,-0.06,0.01,0.01,0.01,0.02,0.01,0.02,-0.02,-0.0,-0.0,-0.0,0.0,0.02,-0.04,-0.02,-0.02,-0.02,-0.02,-0.0,-0.01,-0.0,-0.02,0.02,0.02,0.02,-0.01,-0.01,0.02,-0.02,0.0,0.0,0.0,-0.01,0.0,0.06,0.0,-1.0
1989-01-01,-0.5,-0.33,0.0,0.17,-0.03,0.0,-1.0,-0.5,-0.33,-0.01,0.07,0.13,-0.09,-0.03,-0.03,-0.03,0.03,-0.09,0.01,-0.13,-0.01,-0.01,-0.01,0.22,0.04,0.01,-0.13,-0.0,-0.0,-0.0,-0.06,-0.07,0.12,-0.03,0.01,0.01,0.01,0.0,-1.0,-0.02,0.05,-0.03,-0.03,-0.03,-0.02,0.1,0.13,-0.19,0.5,1.0,0.0,-1.0,-0.08,0.03,-0.09,0.0,0.0,0.0,0.11,-0.07,0.02,0.07,-0.01,-0.01,-0.01,-0.02,-0.04,-0.01,0.08,-0.02,-0.02,-0.02,0.05,-0.04,-0.03,-0.02,-0.01,-0.01,-0.01,-0.01,-0.05,0.1,0.0,-1.0,-0.5,-0.33,-0.1,-0.06,0.01,0.04
1989-04-01,-0.05,0.4,-0.29,0.0,-1.0,0.5,1.0,0.0,-1.0,-0.4,0.0,-0.5,-0.15,-0.13,-0.12,0.11,-0.12,0.07,0.15,-0.02,-0.02,-0.02,0.08,-0.16,-0.06,-0.11,0.0,0.0,0.0,0.12,-0.13,0.31,-0.22,-0.04,-0.04,-0.04,-0.05,-0.02,0.0,0.0,-1.0,-0.5,-0.33,0.05,-0.05,0.17,0.06,0.0,0.0,0.0,-0.03,2.18,-0.08,-0.33,-0.08,-0.08,-0.07,-0.23,-0.06,0.0,-0.24,0.08,0.08,0.09,-0.06,-0.13,-0.07,-0.02,-0.05,-0.05,-0.05,0.06,0.09,-0.15,0.0,-1.0,-0.5,-0.33,-0.03,-0.17,0.11,-0.02,-0.01,-0.01,-0.01,-0.06,0.04,-0.15,0.0,-1.0
1989-07-01,-0.04,0.6,-0.33,-0.32,0.1,0.25,0.33,0.5,0.33,0.2,-0.62,1.6,-0.12,-0.11,-0.1,0.75,-0.81,0.05,-0.33,-0.05,-0.05,-0.05,1.69,-0.19,0.78,-0.5,-0.07,-0.06,-0.06,-0.29,-0.03,0.33,0.0,-1.0,-0.5,-0.33,-0.11,3.5,-2.33,-1.75,5.0,-1.25,-0.56,-0.4,-0.57,-0.23,0.07,-0.03,-0.03,-0.03,-0.18,0.15,-0.03,0.42,-0.03,-0.03,-0.03,0.18,0.0,0.16,-0.05,-0.15,-0.13,-0.12,-0.09,0.26,0.5,0.12,-0.08,-0.07,-0.07,-0.2,-0.29,0.06,0.22,0.01,0.01,0.01,0.04,-0.19,0.15,0.23,0.12,0.13,0.16,4.0,0.5,-0.33,-0.5,-0.05
1989-10-01,-0.05,-0.05,-0.19,-0.2,-0.26,0.17,0.05,0.05,0.05,1.0,0.43,-0.59,-0.26,-0.1,-0.09,-0.09,0.03,-0.09,0.32,0.39,0.17,0.21,0.27,0.0,0.25,1.0,0.0,-1.0,-0.5,-0.33,-0.3,-0.09,0.1,9.0,0.0,-1.0,-0.5,-0.5,0.33,-0.25,0.0,-1.0,-0.5,-0.33,-0.33,-1.3,0.0,0.25,-0.17,-0.15,-0.13,0.18,-0.15,-0.41,0.22,0.1,0.11,0.13,0.3,-0.23,-0.13,-0.32,-0.04,-0.04,-0.04,0.0,-0.11,-0.07,-0.06,0.0,0.0,0.0,0.39,1.09,1.2,-0.62,0.22,0.28,0.39,1.0,-4.0,-1.33,2.0,-2.5,-0.71,-0.42,-0.2,-0.17,0.0,-1.0
1990-01-01,-1.0,-0.5,-0.33,-5.33,-0.4,-0.29,0.0,-1.0,-0.5,-0.33,-0.5,-0.2,-0.67,0.88,0.04,0.05,0.05,-0.22,-0.31,0.62,0.6,0.07,0.08,0.08,-0.43,0.4,-6.0,-0.67,0.0,0.0,0.0,0.0,-1.0,-0.64,0.83,1.25,-5.0,-0.83,0.0,-1.0,-0.25,-0.43,0.11,0.12,0.13,-0.5,0.25,0.6,-0.17,0.06,0.06,0.07,-0.17,-0.14,-0.3,-0.23,-0.02,-0.02,-0.02,0.17,-0.14,0.17,0.33,0.04,0.04,0.04,-5.0,-0.6,-0.58,0.33,-0.25,-0.2,-0.17,0.38,-0.5,-0.19,0.14,0.5,1.0,0.0,-1.0,-0.27,-0.21,0.0,-1.0,-0.5,-0.33,0.67,-0.29,-0.06
1990-04-01,0.01,0.01,0.16,0.28,0.11,-0.08,0.01,0.01,0.01,0.03,0.12,0.1,-0.22,-0.03,-0.03,-0.03,-0.11,0.07,-0.11,0.27,-0.02,-0.02,-0.02,0.0,-0.03,-0.05,-0.25,0.02,0.03,0.03,0.02,0.09,0.12,-0.14,-0.07,-0.07,-0.06,0.09,-0.1,0.09,0.0,-1.0,-0.5,-0.33,0.04,-0.06,-0.04,0.24,0.11,0.12,0.14,-0.29,-0.07,-0.08,0.07,0.02,0.02,0.02,0.07,-0.07,-0.16,0.02,-0.04,-0.04,-0.04,0.19,0.04,0.36,0.18,0.02,0.03,0.03,-0.07,0.27,-0.29,0.0,-1.0,-0.5,-0.33,0.5,-0.14,0.27,-0.04,0.05,0.05,0.05,0.43,0.4,-0.09,0.0
1990-07-01,0.0,0.0,-0.09,0.0,-0.04,-0.08,0.04,0.04,0.04,-0.04,-0.06,0.02,-0.11,0.04,0.04,0.04,0.11,-0.02,-0.04,0.0,-0.01,-0.01,-0.01,0.0,0.0,-0.02,0.06,-0.01,-0.01,-0.01,-0.15,0.0,-0.08,0.0,-1.0,-0.5,-0.33,0.0,-0.03,0.06,-0.08,-0.01,-0.01,-0.01,-0.03,0.01,0.01,0.03,-0.02,-0.02,-0.02,-0.11,-0.02,0.12,0.0,-0.02,-0.02,-0.02,-0.08,-0.03,0.03,-0.08,-0.01,-0.01,-0.01,0.03,0.03,-0.02,-0.01,-0.01,-0.01,-0.01,0.23,0.04,0.05,0.1,0.5,1.0,0.0,-1.0,0.03,0.09,0.1,-0.03,-0.03,-0.02,-0.02,0.02,0.0,-0.1
1990-10-01,-0.03,-0.03,-0.03,0.01,0.01,0.0,0.01,0.0,0.0,0.0,0.09,0.03,-0.04,0.0,0.0,0.0,0.0,0.04,0.02,0.04,-0.01,-0.0,-0.0,-0.0,-0.03,-0.02,-0.01,0.0,-1.0,-0.5,-0.33,0.06,0.04,-0.07,0.08,-0.05,-0.05,-0.05,0.08,0.14,0.05,-0.03,-0.01,-0.01,-0.01,0.05,0.1,-0.04,-0.07,0.0,0.0,0.0,0.04,-0.13,-0.02,0.0,0.08,0.09,0.1,0.25,0.18,0.0,0.03,-0.03,-0.03,-0.03,-0.02,-0.03,-0.09,0.0,0.03,0.03,0.03,-0.04,0.03,0.23,-0.02,-0.01,-0.01,-0.01,0.07,0.08,0.04,-0.02,0.01,0.01,0.01,0.0,0.0,-1.0
1991-01-01,-1.0,-0.01,-0.01,-0.01,0.04,-0.02,0.0,-1.0,0.04,0.04,0.04,0.02,0.11,0.11,0.05,0.0,0.0,0.0,0.06,0.02,0.03,-0.03,-0.01,-0.01,-0.01,-0.03,0.03,-0.03,0.02,-0.03,-0.03,-0.03,-0.04,0.05,0.0,0.0,-0.01,-0.01,-0.01,0.0,-1.0,0.01,-0.03,0.01,0.01,0.01,-0.06,-0.01,-0.04,0.0,-1.0,-0.5,-0.33,-0.03,0.01,0.03,0.02,-0.02,-0.02,-0.02,-0.02,-0.02,-0.02,0.01,0.01,0.01,0.01,0.05,0.01,0.0,0.03,0.01,0.01,0.01,-0.07,-0.08,-0.06,0.0,-0.02,-0.02,-0.02,-0.06,0.08,0.02,0.0,-1.0,-0.5,-0.33,0.05,-0.02
1991-04-01,0.5,1.0,0.0,-1.0,0.02,0.0,0.01,-0.0,-0.0,-0.0,-0.01,-0.01,-0.02,0.02,0.0,0.0,0.0,0.02,0.04,-0.02,0.03,0.0,0.0,0.0,0.09,-0.02,0.0,-0.03,0.01,0.01,0.01,0.03,0.02,0.02,-0.01,-0.01,-0.01,-0.01,0.0,0.03,0.04,0.0,-1.0,-0.5,-0.33,-0.04,0.02,-0.01,0.02,0.01,0.01,0.01,-0.02,0.0,0.01,-0.02,-0.0,-0.0,-0.0,0.05,0.0,0.01,0.01,-0.02,-0.02,-0.02,0.01,-0.02,-0.06,0.0,-1.0,-0.5,-0.33,0.02,-0.13,0.02,0.0,0.02,0.02,0.02,0.06,-0.03,0.19,0.07,0.03,0.03,0.03,0.0,-0.02,0.0
1991-07-01,-0.0,-0.0,-0.0,-0.02,-0.0,0.01,0.0,0.0,0.0,0.0,0.0,-0.01,0.03,0.0,0.0,0.0,0.0,-0.02,-0.02,0.03,0.01,-0.0,-0.0,-0.0,0.02,0.02,0.01,0.02,0.0,0.0,0.0,-0.02,-0.02,-0.01,0.0,-1.0,-0.5,-0.33,0.0,0.04,0.02,-0.03,-0.01,-0.01,-0.01,-0.02,0.02,0.01,0.02,-0.01,-0.01,-0.01,0.04,0.0,-0.01,-0.01,0.0,0.0,0.0,0.03,0.02,-0.02,0.02,0.0,0.0,0.0,-0.01,0.03,-0.0,-0.02,0.02,0.02,0.02,-0.0,-0.02,0.02,0.0,-0.02,-0.02,-0.02,-0.02,0.02,0.03,0.04,0.01,0.01,0.01,0.01,-0.01,0.01
1991-10-01,-0.0,0.0,0.0,0.0,-0.03,0.01,0.01,0.02,-0.01,-0.01,-0.01,-0.01,-0.01,0.0,-0.01,-0.01,-0.01,-0.01,0.03,-0.01,-0.0,0.02,-0.0,-0.0,-0.0,-0.02,0.01,0.01,0.0,-1.0,-0.5,-0.33,0.01,-0.02,0.01,0.0,0.0,0.0,0.0,0.0,-0.02,-0.07,-0.0,0.02,0.02,0.02,0.02,0.0,-0.04,-0.0,-0.0,-0.0,-0.0,0.02,0.03,-0.0,0.01,-0.01,-0.01,-0.01,-0.02,-0.01,0.01,0.01,0.0,0.0,0.0,0.0,-0.02,-0.02,0.01,0.0,0.0,0.0,-0.01,0.01,0.0,0.0,-0.0,-0.0,-0.0,-0.01,-0.02,0.0,0.0,0.0,0.0,0.0,0.0,-1.0
1992-01-01,-1.0,-0.01,-0.01,-0.01,-0.01,-0.02,0.0,-1.0,-0.01,-0.01,-0.01,-0.01,0.06,0.0,0.0,0.0,0.0,0.0,0.0,0.01,-0.01,0.02,-0.02,0.0,0.0,0.0,0.04,0.01,-0.02,-0.0,-0.01,-0.01,-0.01,0.0,-1.0,0.0,0.0,0.0,0.0,0.0,0.02,0.03,0.02,0.03,0.0,0.0,0.0,0.01,-0.02,0.02,0.0,-1.0,-0.5,-0.33,-0.0,-0.03,0.03,0.02,0.0,0.0,0.0,0.03,0.0,0.01,-0.03,-0.0,-0.0,-0.0,0.02,0.01,0.02,0.01,0.01,0.01,0.01,-0.01,0.02,0.0,0.0,-1.0,-0.5,-0.33,-0.02,0.02,0.04,0.02,0.0,0.0,0.0,-0.03
1992-04-01,-0.01,0.0,-0.0,-0.0,-0.0,-0.01,0.01,0.01,-0.02,-0.0,-0.0,-0.0,0.02,-0.01,0.0,-0.01,-0.0,-0.0,-0.0,0.01,0.03,0.02,0.0,-0.0,-0.0,-0.0,-0.01,0.02,0.0,0.02,0.0,0.0,0.0,-0.02,0.01,-0.03,-0.01,-0.0,-0.0,-0.0,-0.0,-0.01,-0.02,0.0,-1.0,-0.5,-0.33,0.0,0.02,0.02,0.0,0.0,0.0,0.0,0.02,0.01,-0.02,-0.01,0.0,0.0,0.0,-0.0,0.03,0.02,-0.02,-0.0,-0.0,-0.0,0.0,0.03,0.02,0.0,-1.0,-0.5,-0.33,-0.01,0.04,0.0,0.04,0.01,0.01,0.01,0.0,-0.01,0.01,0.0,0.0,0.0,0.0,0.03
1992-07-01,-0.01,0.01,0.0,0.0,0.0,0.0,-0.01,0.0,-0.0,-0.0,-0.0,-0.0,0.0,-0.01,0.0,-0.0,-0.0,-0.0,-0.0,-0.01,0.0,0.01,0.01,-0.0,-0.0,-0.0,-0.01,0.01,0.01,-0.01,0.0,0.0,0.0,-0.01,-0.02,0.01,0.0,-1.0,-0.5,-0.33,-0.01,0.01,0.01,-0.0,-0.0,-0.0,-0.0,-0.02,0.01,0.0,0.0,-0.0,-0.0,-0.0,-0.02,0.01,-0.02,-0.01,0.0,0.0,0.0,0.01,0.01,0.01,-0.0,-0.0,-0.0,-0.0,-0.01,0.01,-0.0,0.0,0.5,1.0,0.0,-1.0,0.01,0.01,0.01,0.0,0.0,0.0,0.01,0.03,0.01,0.02,0.0,0.0,0.0,0.0
1992-10-01,-0.02,0.01,0.0,0.0,0.0,0.0,0.01,-0.01,0.01,0.02,-0.0,-0.0,-0.0,0.0,0.0,0.01,0.01,-0.0,-0.0,-0.0,0.01,0.0,0.0,0.0,-1.0,-0.5,-0.33,0.03,0.0,-0.0,-0.01,-0.0,-0.0,-0.0,-0.0,-0.01,-0.01,0.01,0.01,0.01,0.01,0.02,-0.0,-0.01,-0.02,0.0,0.0,0.0,0.0,0.03,-0.0,-0.01,-0.0,-0.0,-0.0,-0.02,0.01,-0.01,-0.01,0.0,0.0,0.0,0.01,0.03,-0.01,-0.02,-0.01,-0.01,-0.01,0.0,-0.03,-0.01,-0.0,-0.0,-0.0,-0.0,0.01,-0.01,-0.01,0.0,0.0,0.0,0.0,0.0,0.0,0.01,-0.01,0.5,1.0,0.0
1993-01-01,-1.0,0.02,0.02,0.0,0.5,1.0,0.0,-1.0,0.01,0.01,-0.02,-0.01,-0.01,-0.01,0.01,0.0,-0.01,0.01,0.0,0.0,0.0,0.0,0.01,0.02,-0.01,-0.01,-0.01,-0.01,-0.01,0.01,-0.01,-0.01,-0.0,-0.0,-0.0,0.0,-1.0,0.0,0.0,-0.0,-0.0,-0.0,-0.01,0.01,-0.02,-0.02,0.0,0.0,0.0,0.0,0.0,-1.0,-0.02,-0.0,-0.0,-0.0,0.01,-0.0,0.01,-0.01,0.0,0.0,0.0,0.02,-0.02,-0.01,-0.01,-0.0,-0.0,-0.0,0.02,-0.01,0.01,0.03,0.0,0.0,0.0,0.02,0.01,-0.01,0.0,-1.0,-0.5,-0.33,0.02,-0.0,0.02,0.01,-0.01,-0.01
1993-04-01,0.01,0.01,-0.0,-0.0,-0.0,-0.0,0.03,0.01,0.01,-0.01,0.01,0.01,0.01,0.0,-0.02,-0.01,-0.03,0.0,0.0,0.0,0.05,0.0,0.02,0.02,-0.0,-0.0,-0.0,-0.01,-0.01,-0.01,0.0,-0.01,-0.01,-0.01,0.0,0.01,0.02,-0.05,-0.01,-0.01,-0.01,-0.02,-0.03,-0.01,0.0,-1.0,-0.5,-0.33,-0.01,-0.0,-0.01,0.01,0.0,0.0,0.0,-0.02,-0.01,0.01,0.02,-0.01,-0.01,-0.01,-0.01,-0.01,0.01,0.01,-0.01,-0.01,-0.01,-0.0,0.01,0.01,0.0,-1.0,-0.5,-0.33,-0.0,-0.01,0.01,0.01,-0.0,-0.0,-0.0,0.01,0.03,0.01,0.01,0.5,1.0,0.0
1993-07-01,0.01,0.0,0.0,0.0,0.0,0.0,-0.01,-0.0,-0.01,0.0,-0.01,-0.01,-0.01,0.0,-0.01,0.0,0.0,-0.0,-0.0,-0.0,-0.01,0.0,0.0,0.0,-0.01,-0.01,-0.01,0.0,0.0,-0.0,0.0,-1.0,-0.5,-0.33,0.02,-0.01,-0.01,0.01,-0.01,-0.01,-0.01,0.01,-0.01,0.0,0.03,-0.0,-0.0,-0.0,-0.01,0.01,0.02,0.0,-0.01,-0.01,-0.01,0.01,-0.0,-0.0,-0.01,-0.01,-0.01,-0.01,0.02,-0.01,0.0,0.02,0.0,0.0,0.0,0.01,-0.01,-0.01,0.01,0.0,0.0,0.0,0.0,-0.01,0.0,0.01,0.5,1.0,0.0,-1.0,-0.03,-0.0,-0.02,-0.0,-0.0,-0.0
1993-10-01,-0.02,0.03,0.02,-0.01,-0.01,-0.01,-0.01,0.0,-0.02,-0.01,0.03,0.01,0.01,0.01,0.0,-0.0,0.02,0.05,-0.01,-0.01,-0.01,-0.02,0.05,-0.0,0.0,-1.0,-0.5,-0.33,-0.02,-0.01,0.0,0.0,-0.0,-0.0,-0.0,0.01,-0.04,-0.01,-0.01,-0.0,-0.0,-0.0,-0.02,-0.02,0.01,0.02,-0.01,-0.01,-0.01,-0.02,0.01,-0.02,0.0,-0.0,-0.0,-0.0,0.0,0.01,0.01,0.0,-0.01,-0.01,-0.01,0.0,-0.01,0.0,-0.0,-0.0,-0.0,-0.0,0.02,0.02,0.03,0.01,-0.01,-0.01,-0.01,-0.0,0.0,-0.01,0.01,-0.0,-0.0,-0.0,-0.01,0.0,0.0,0.0,-1.0,-0.5
1994-01-01,0.0,-0.01,0.05,0.03,0.0,0.5,1.0,0.0,-1.0,-0.01,-0.04,0.01,-0.0,-0.0,-0.0,-0.01,0.0,0.01,0.02,0.01,0.01,0.01,0.02,-0.0,0.0,0.0,-0.01,-0.01,-0.01,-0.0,0.0,0.0,0.02,-0.01,-0.01,-0.01,0.0,-1.0,0.01,-0.02,0.0,0.01,0.01,0.04,0.02,-0.0,-0.0,0.0,0.0,0.0,0.0,-1.0,0.03,-0.03,-0.01,-0.01,-0.01,0.04,0.0,0.03,0.03,0.01,0.01,0.01,0.01,0.0,0.01,-0.03,0.0,0.0,0.0,0.04,0.04,0.0,0.0,0.0,0.0,0.0,-0.02,-0.01,0.01,0.0,-1.0,-0.5,-0.33,-0.03,-0.01,0.01,-0.01,-0.01
1994-04-01,-1.0,0.0,0.03,0.02,0.0,0.0,0.0,-0.0,0.05,0.02,-0.0,-0.01,-0.01,-0.01,0.02,0.02,-0.01,-0.01,-0.0,-0.0,-0.0,-0.01,0.05,0.01,0.01,-0.01,-0.01,-0.01,-0.01,0.01,0.02,0.01,-0.01,-0.01,-0.01,-0.0,0.04,0.01,0.0,-1.0,-0.5,-0.33,0.03,0.04,0.0,-0.01,0.0,0.0,0.0,-0.01,-0.01,-0.03,0.02,0.0,0.0,0.0,0.01,-0.01,-0.01,0.01,-0.01,-0.0,-0.0,-0.02,-0.01,0.0,0.02,0.0,0.0,0.0,0.01,-0.01,0.01,0.0,-1.0,-0.5,-0.33,0.02,0.05,-0.02,0.01,-0.0,-0.0,-0.0,-0.03,-0.01,0.01,-0.01,0.0,0.0
1994-07-01,-0.02,0.03,0.0,0.03,-0.0,-0.0,-0.0,0.04,-0.0,-0.02,0.01,-0.0,-0.0,-0.0,0.02,-0.01,0.03,-0.01,0.0,0.0,0.0,0.02,0.0,0.01,0.03,-0.01,-0.01,-0.01,-0.03,-0.0,-0.01,0.0,-1.0,-0.5,-0.33,0.0,-0.01,0.0,0.0,0.01,0.01,0.01,0.01,-0.01,0.0,-0.07,-0.01,-0.01,-0.01,-0.02,0.01,0.03,-0.02,0.0,0.0,0.0,0.02,-0.0,-0.01,0.01,-0.01,-0.01,-0.01,0.01,0.0,-1.0,-0.01,-0.02,-0.02,-0.02,0.0,-0.04,-0.02,-0.01,0.0,0.0,0.0,-0.01,0.01,0.02,-0.0,-0.01,-0.01,-0.01,0.01,-0.0,0.01,-0.04,0.5,1.0
1994-10-01,-0.02,-0.04,0.01,0.05,0.05,-0.0,-0.0,-0.0,0.01,0.0,-0.05,0.01,-0.0,-0.0,-0.0,0.05,-0.02,-0.0,0.0,-0.0,-0.0,-0.0,0.04,0.0,0.02,0.0,-1.0,-0.5,-0.33,0.01,0.0,0.01,-0.01,-0.01,-0.01,-0.01,-0.02,0.02,-0.01,0.0,0.0,0.0,0.0,0.0,0.04,0.0,-0.05,-0.02,-0.02,-0.02,-0.05,0.03,0.01,0.03,0.0,0.0,0.0,0.0,0.02,-0.01,-0.0,-0.01,-0.01,-0.01,-0.01,-0.01,0.0,0.01,-0.01,-0.01,-0.01,-0.01,-0.0,0.02,-0.01,-0.01,-0.01,-0.01,0.01,-0.02,0.01,0.0,-0.01,-0.01,-0.01,-0.0,0.0,0.01,0.0,-1.0
1995-01-01,-0.5,-0.33,0.0,0.02,0.05,0.0,-1.0,-0.5,-0.33,-0.03,-0.0,0.03,0.06,-0.01,-0.01,-0.01,0.0,0.07,0.04,-0.02,-0.01,-0.01,-0.01,0.01,-0.02,0.11,-0.01,-0.04,-0.04,-0.04,-0.09,0.01,-0.03,-0.01,-0.01,-0.01,-0.01,0.0,-1.0,-0.06,0.0,-0.0,-0.0,-0.0,-0.0,0.03,0.03,-0.04,0.5,1.0,0.0,-1.0,0.0,-0.02,0.0,-0.01,-0.01,-0.01,0.0,-0.01,0.01,0.03,-0.01,-0.01,-0.01,-0.04,0.0,0.03,0.02,-0.0,-0.0,-0.0,0.0,0.01,0.01,0.01,-0.0,-0.0,-0.0,0.01,0.01,-0.01,0.0,-1.0,-0.5,-0.33,0.0,-0.0,0.03,0.0
1995-04-01,-0.03,0.02,-0.02,0.04,0.03,-0.0,-0.0,-0.0,-0.06,0.02,0.05,0.04,-0.0,-0.0,-0.0,0.06,-0.03,0.01,-0.07,-0.01,-0.01,-0.01,-0.09,-0.01,-0.05,0.01,0.0,0.0,0.0,0.06,0.06,0.01,-0.03,-0.03,-0.03,-0.03,-0.01,-0.02,-0.02,0.0,-1.0,-0.5,-0.33,0.01,0.03,-0.03,-0.05,-0.0,-0.0,-0.0,0.01,0.03,0.03,-0.01,0.0,0.0,0.0,-0.08,0.04,-0.01,-0.05,-0.01,-0.01,-0.01,-0.04,-0.02,-0.01,0.01,-0.01,-0.01,-0.01,0.02,0.02,0.02,0.0,-1.0,-0.5,-0.33,-0.02,0.01,0.04,0.02,-0.01,-0.01,-0.01,-0.02,0.02,0.02,0.0,-1.0
1995-07-01,-0.04,0.0,0.15,-0.05,-0.05,0.04,0.04,0.04,0.04,-0.06,0.04,0.02,-0.03,-0.03,-0.03,0.04,-0.02,0.02,-0.17,0.01,0.01,0.01,0.37,0.0,0.18,-0.03,-0.09,-0.08,-0.08,-0.02,0.08,0.0,0.0,-1.0,-0.5,-0.33,0.02,-0.04,-0.14,-0.08,-0.01,-0.01,-0.01,0.0,0.1,-0.04,-0.05,-0.03,-0.03,-0.03,-0.05,0.0,0.05,-0.1,-0.02,-0.02,-0.02,-0.11,-0.04,-0.03,-0.03,-0.01,-0.01,-0.01,0.03,0.01,0.0,-0.02,-0.01,-0.01,-0.01,-0.02,-0.01,0.01,0.01,0.5,1.0,0.0,-1.0,0.03,-0.01,-0.02,0.01,0.01,0.01,0.01,0.0,0.02,0.01,-0.03
1995-10-01,-0.07,-0.06,-0.08,-0.05,0.06,-0.11,0.01,0.01,0.01,0.11,0.07,-0.03,0.03,0.05,0.05,0.06,0.02,-0.1,0.03,-0.07,0.01,0.01,0.01,0.01,0.03,0.0,0.0,-1.0,-0.5,-0.33,-0.07,-0.05,0.01,0.0,-0.01,-0.01,-0.01,-0.1,-0.02,0.06,0.02,-0.01,-0.01,-0.01,0.0,0.02,-0.01,-0.04,-0.0,-0.0,-0.0,0.06,0.03,-0.01,0.01,-0.0,-0.0,-0.0,-0.02,0.11,-0.04,0.05,-0.02,-0.02,-0.02,0.07,0.0,0.05,-0.05,-0.03,-0.03,-0.03,0.11,-0.02,0.33,0.08,0.02,0.02,0.02,0.04,-0.02,0.04,0.04,0.01,0.01,0.01,-0.04,0.02,0.0,-1.0
1996-01-01,-1.0,-0.5,-0.33,-0.26,0.05,-0.03,0.0,-1.0,-0.5,-0.33,-0.07,0.18,0.07,0.08,0.09,0.1,0.11,0.25,0.0,0.03,0.19,0.04,0.04,0.04,0.05,0.16,0.06,0.06,-0.15,-0.13,-0.12,-0.07,-0.2,0.0,-0.08,-0.04,-0.04,-0.04,0.0,-1.0,0.02,-0.07,0.02,0.02,0.02,0.0,-0.07,0.05,0.08,-0.03,-0.02,-0.02,0.0,0.05,-0.13,0.05,-0.02,-0.02,-0.02,0.04,-0.1,-0.09,-0.04,-0.04,-0.04,-0.04,-0.06,0.11,-0.05,-0.07,0.04,0.04,0.04,0.07,-0.02,0.07,0.13,-0.03,-0.03,-0.03,-0.15,-0.02,0.03,0.0,-1.0,-0.5,-0.33,-0.05,-0.05,0.05
1996-04-01,-0.03,-0.03,-0.03,-0.01,0.04,0.04,-0.01,-0.03,-0.03,-0.02,0.01,0.03,-0.03,-0.03,-0.02,-0.02,-0.02,0.06,-0.01,-0.01,0.02,-0.04,-0.04,-0.04,0.35,0.02,0.09,0.04,-0.04,-0.04,-0.04,-0.09,0.01,0.05,0.02,0.01,0.01,0.01,0.03,-0.05,0.0,0.0,-1.0,-0.5,-0.33,0.12,0.15,0.05,-0.04,-0.02,-0.02,-0.02,-0.01,0.03,0.03,0.0,0.01,0.01,0.01,0.12,0.09,0.12,-0.06,-0.01,-0.01,-0.01,-0.07,0.16,-0.07,0.15,0.02,0.02,0.02,0.05,-0.05,-0.15,0.0,-1.0,-0.5,-0.33,-0.03,-0.03,0.17,0.04,0.0,0.0,0.0,0.09,0.21,-0.05
1996-07-01,-0.02,-0.02,-0.02,-0.05,-0.02,0.0,-0.02,0.0,0.0,0.0,-0.01,-0.01,0.01,0.01,-0.01,-0.01,-0.01,-0.02,0.0,0.03,0.02,0.0,0.0,0.0,0.08,-0.03,-0.04,0.01,-0.01,-0.01,-0.01,0.04,0.01,0.06,0.0,-1.0,-0.5,-0.33,-0.02,0.03,-0.01,0.01,-0.01,-0.01,-0.01,-0.03,0.02,0.0,-0.03,-0.01,-0.01,-0.01,-0.05,0.04,-0.05,0.01,-0.01,-0.01,-0.01,0.02,0.1,0.03,0.05,0.0,0.0,0.0,-0.03,0.02,0.01,0.02,-0.03,-0.03,-0.03,-0.05,0.03,0.02,0.02,0.01,0.01,0.01,-0.09,0.03,0.06,-0.01,0.01,0.01,0.01,0.16,0.09,0.03
1996-10-01,-0.02,-0.01,-0.01,-0.01,-0.01,0.01,0.02,0.05,-0.01,-0.01,-0.01,-0.04,0.05,0.03,-0.02,0.0,0.0,0.0,-0.04,-0.02,-0.01,0.02,0.0,0.0,0.0,-0.02,0.01,0.01,0.0,-1.0,-0.5,-0.33,0.03,0.02,0.01,-0.01,0.0,0.0,0.0,0.06,0.01,0.04,0.01,0.0,0.0,0.0,-0.03,0.01,0.01,0.07,-0.01,-0.01,-0.01,-0.04,0.03,0.01,0.02,0.01,0.01,0.01,-0.07,-0.05,-0.05,-0.01,0.0,0.0,0.0,-0.01,0.01,0.04,-0.03,0.01,0.01,0.01,0.02,-0.06,0.0,0.0,0.0,0.0,0.0,-0.04,-0.01,0.0,-0.02,-0.01,-0.01,-0.01,0.0,-1.0
1997-01-01,-1.0,0.11,-0.03,-0.03,-0.03,-0.05,0.0,-1.0,0.02,-0.02,-0.02,-0.02,-0.01,-0.06,0.01,0.0,0.0,0.0,0.0,-0.01,0.01,0.12,0.02,0.01,0.01,0.01,0.04,0.09,0.07,0.01,0.02,0.02,0.03,0.0,-1.0,0.02,0.02,-0.01,-0.01,-0.01,0.0,0.0,-0.03,-0.02,-0.0,-0.0,-0.0,0.05,-0.05,0.02,0.0,-1.0,-0.5,-0.33,0.01,-0.03,0.02,-0.05,-0.01,-0.01,-0.01,0.01,-0.05,0.0,-0.08,-0.01,-0.01,-0.01,-0.02,0.0,0.02,0.01,0.0,0.0,0.0,-0.01,-0.03,0.03,0.0,-1.0,-0.5,-0.33,-0.03,0.02,0.01,-0.01,-0.01,-0.01,-0.01,-0.06
1997-04-01,0.01,0.5,1.0,0.0,-1.0,0.06,0.11,-0.01,-0.0,-0.0,-0.0,-0.06,-0.03,-0.01,0.0,0.0,0.0,0.0,0.01,0.05,0.0,0.02,0.0,0.0,0.0,-0.03,0.0,0.03,0.01,0.0,0.0,0.0,-0.01,0.01,0.06,0.03,-0.01,-0.01,-0.01,-0.01,0.08,0.03,0.0,-1.0,-0.5,-0.33,-0.01,-0.03,-0.05,0.02,-0.01,-0.01,-0.01,-0.04,0.01,-0.01,0.0,-0.01,-0.01,-0.01,-0.03,-0.01,-0.01,-0.01,0.0,0.0,0.0,0.04,0.03,0.03,0.0,-1.0,-0.5,-0.33,0.01,0.03,0.02,-0.14,0.02,0.02,0.02,0.05,-0.03,0.02,0.03,0.0,0.0,0.0,0.0,0.0
1997-07-01,0.01,-0.01,-0.01,-0.01,-0.02,-0.04,0.02,0.01,0.01,0.01,0.01,-0.02,-0.04,-0.01,0.01,-0.01,-0.01,-0.01,-0.05,-0.04,0.04,0.02,0.01,0.01,0.01,-0.05,-0.01,-0.03,-0.01,-0.02,-0.02,-0.02,-0.01,0.06,0.01,0.0,-1.0,-0.5,-0.33,-0.01,-0.02,0.24,-0.02,-0.04,-0.04,-0.04,-0.03,0.03,0.01,0.04,-0.02,-0.02,-0.02,-0.02,-0.02,0.05,0.01,0.0,0.0,0.0,-0.01,0.01,0.01,-0.09,-0.01,-0.01,-0.01,0.01,0.06,0.03,-0.02,-0.01,-0.01,-0.01,-0.01,-0.02,0.03,-0.07,0.0,0.0,0.0,0.03,-0.03,0.01,0.03,-0.0,-0.0,-0.0,0.03,0.01
1997-10-01,-0.11,0.03,-0.02,-0.02,-0.02,-0.09,0.09,0.02,0.04,0.0,0.0,0.0,0.02,0.01,-0.02,-0.15,0.0,0.0,0.0,-0.06,0.0,0.07,0.01,-0.01,-0.01,-0.01,0.01,0.0,0.08,0.0,-1.0,-0.5,-0.33,0.04,-0.04,0.0,-0.01,-0.01,-0.01,-0.01,0.1,0.03,0.04,-0.02,0.0,0.0,0.0,0.05,-0.11,-0.04,0.03,-0.01,-0.01,-0.01,0.16,0.02,-0.02,0.0,0.01,0.01,0.01,0.19,-0.05,-0.07,-0.05,-0.01,-0.01,-0.01,0.01,-0.01,-0.03,-0.03,0.0,0.0,0.0,-0.01,-0.02,-0.01,0.0,-0.02,-0.02,-0.02,-0.02,-0.03,-0.01,0.0,0.5,1.0,0.0,-1.0
1998-01-01,-1.0,0.11,0.13,-0.09,-0.08,-0.08,0.0,-1.0,0.41,0.04,-0.14,-0.12,-0.11,-0.25,-0.07,0.04,-0.02,-0.01,-0.01,-0.01,-0.1,-0.1,0.01,0.01,0.03,0.03,0.03,0.09,0.0,-0.05,0.02,-0.03,-0.03,-0.03,0.0,-1.0,0.09,-0.04,0.0,0.0,0.0,0.02,0.04,0.0,0.0,-0.03,-0.03,-0.03,-0.02,0.02,0.0,-1.0,0.0,0.0,0.0,0.0,-0.13,-0.03,0.08,0.01,0.01,0.01,-0.06,-0.07,-0.01,-0.12,-0.01,-0.01,-0.01,-0.05,-0.05,-0.1,0.01,-0.02,-0.02,-0.02,0.09,-0.02,0.05,0.0,-1.0,-0.5,-0.33,0.06,-0.04,0.12,0.0,-0.04,-0.04,-0.03
1998-04-01,-0.02,-0.06,0.05,0.05,0.05,0.02,0.0,0.12,0.02,0.02,0.02,0.02,-0.05,-0.02,-0.02,0.0,-0.05,-0.05,-0.05,0.02,-0.11,-0.07,0.04,-0.01,-0.01,-0.01,-0.03,0.05,0.06,0.17,0.13,0.15,0.18,-0.03,-0.03,-0.24,0.4,-0.03,-0.03,-0.03,0.1,0.03,0.21,0.0,-1.0,-0.5,-0.33,-0.1,-0.03,-0.28,0.0,-0.02,-0.02,-0.01,-0.06,0.04,0.53,-0.03,-0.03,-0.03,-0.03,-0.11,-0.17,0.0,0.12,-0.09,-0.08,-0.08,0.23,0.05,-0.05,0.0,-1.0,-0.5,-0.33,0.11,0.3,0.13,-0.11,-0.09,-0.08,-0.08,-0.03,0.12,0.19,-0.07,-0.06,-0.06,-0.06,0.0
1998-07-01,0.03,0.1,-0.13,-0.12,-0.1,0.02,0.05,0.2,0.0,0.05,0.05,0.06,-0.03,0.0,0.24,0.14,-0.11,-0.1,-0.09,-0.09,-0.11,-0.12,0.0,-0.03,-0.03,-0.03,-0.02,0.07,-0.08,0.07,-0.06,-0.05,-0.05,0.04,0.09,0.12,0.0,-1.0,-0.5,-0.33,0.02,0.02,-0.05,-0.05,-0.04,-0.04,-0.04,0.02,-0.06,-0.1,-0.11,0.04,0.04,0.05,0.04,-0.02,-0.05,0.04,-0.04,-0.04,-0.04,-0.04,-0.08,0.0,0.03,0.06,0.07,0.07,-0.02,0.02,-0.03,0.07,0.02,0.02,0.02,-0.02,0.06,0.11,0.0,0.5,1.0,0.0,-1.0,0.0,0.13,0.12,0.02,0.02,0.02,-0.15
1998-10-01,0.43,0.4,0.0,-0.17,-0.14,-0.12,-0.11,3.5,-1.25,-0.38,1.05,-20.0,-0.95,-0.3,-0.29,0.27,1.75,1.0,0.0,-1.0,0.0,-1.29,-0.3,0.0,-1.0,-0.5,-0.33,-0.2,0.05,0.46,0.44,-0.25,-0.2,-0.17,0.38,-0.35,0.25,-0.27,-0.12,-0.11,-0.1,-0.09,-0.03,0.0,0.06,-0.04,-0.04,-0.04,-0.08,0.05,0.12,0.0,-0.06,-0.06,-0.06,0.0,0.17,0.06,0.0,-0.07,-0.06,-0.06,-0.07,-0.04,0.05,0.05,0.03,0.03,0.04,0.03,-0.08,0.08,-0.08,0.02,0.02,0.02,0.12,-0.03,0.03,0.0,-0.03,-0.03,-0.03,0.06,0.0,0.0,0.13,0.5,1.0,0.0
1999-01-01,-1.0,0.7,-0.17,-0.45,0.5,1.0,0.0,-1.0,0.26,0.15,0.54,0.11,0.13,0.15,-0.25,0.0,-0.08,0.44,-0.07,-0.06,-0.06,1.2,-0.62,-0.24,-0.26,0.15,0.18,0.21,0.08,0.18,-0.39,0.06,-0.15,-0.13,-0.12,0.0,-1.0,0.13,-0.08,-0.13,-0.11,-0.1,-0.08,-0.05,-0.09,0.36,-0.02,-0.02,-0.02,0.21,0.0,-1.0,-0.1,0.01,0.01,0.01,0.21,-0.11,-0.04,0.22,-0.1,-0.09,-0.09,0.41,-0.31,-0.44,-0.15,-0.03,-0.03,-0.03,0.14,0.08,-0.05,0.17,-0.14,-0.12,-0.11,0.84,-0.23,-0.24,0.0,-1.0,-0.5,-0.33,0.33,2.53,2.17,-1.86,3.2,-1.45
1999-04-01,0.09,0.04,-0.05,0.03,0.03,0.03,0.0,0.04,-0.04,0.01,0.01,0.01,0.02,0.1,-0.02,0.09,0.04,-0.01,-0.01,-0.01,-0.05,-0.02,0.03,-0.11,-0.03,-0.03,-0.03,-0.1,0.03,0.12,0.0,0.03,0.03,0.03,-0.1,0.37,0.16,0.16,-0.1,-0.09,-0.08,0.0,0.11,-0.02,0.0,-1.0,-0.5,-0.33,0.21,0.02,0.11,-0.05,-0.03,-0.03,-0.03,0.1,0.14,0.35,0.18,0.06,0.07,0.07,0.0,-0.14,-0.09,0.0,-0.07,-0.06,-0.06,-0.26,-0.03,0.3,0.0,-1.0,-0.5,-0.33,0.16,-0.34,-0.15,-0.13,0.01,0.01,0.01,0.15,0.27,0.0,0.3,0.5,1.0,0.0
1999-07-01,0.14,-0.06,0.01,-0.04,-0.04,-0.04,-0.07,0.03,0.05,0.04,0.0,0.0,0.0,0.0,-0.09,0.02,0.02,-0.02,-0.02,-0.02,0.02,-0.02,0.05,0.03,-0.02,-0.02,-0.02,0.09,0.08,0.05,0.0,-1.0,-0.5,-0.33,0.01,0.09,0.05,-0.01,-0.02,-0.02,-0.02,-0.08,0.02,-0.05,0.07,-0.01,-0.01,-0.01,0.2,-0.1,-0.06,0.03,0.01,0.01,0.01,0.02,0.14,0.0,0.04,-0.02,-0.02,-0.02,0.14,-0.07,0.06,-0.05,-0.03,-0.03,-0.03,-0.02,0.05,0.04,-0.05,-0.03,-0.03,-0.03,0.03,0.04,0.04,0.08,0.05,0.06,0.06,0.0,-0.12,0.01,-0.11,0.01,0.01,0.01
1999-10-01,0.0,-0.11,0.1,0.08,-0.0,-0.0,-0.0,-0.08,-0.04,-0.05,0.05,-0.03,-0.03,-0.03,0.0,0.01,0.05,0.01,-0.0,-0.0,-0.0,-0.03,0.05,0.0,0.0,-1.0,-0.5,-0.33,-0.13,0.09,0.02,0.06,0.03,0.03,0.03,0.06,0.02,-0.07,-0.02,-0.06,-0.05,-0.05,-0.09,0.02,0.06,-0.07,-0.03,-0.03,-0.03,-0.04,0.13,-0.06,0.03,-0.01,-0.01,-0.01,0.07,-0.03,0.06,0.04,-0.03,-0.03,-0.03,0.01,0.05,-0.02,-0.05,-0.0,-0.0,-0.0,0.02,0.09,0.06,0.02,-0.0,-0.0,-0.0,-0.02,0.0,0.02,0.0,-0.05,-0.05,-0.04,-0.02,-0.06,0.08,0.0,-1.0,-0.5
2000-01-01,-0.01,-0.04,0.0,0.15,0.1,0.5,1.0,0.0,-1.0,0.13,0.05,0.08,-0.06,-0.05,-0.05,-0.07,0.02,0.08,0.15,-0.03,-0.03,-0.03,-0.12,-0.04,0.04,-0.05,0.01,0.01,0.01,-0.07,0.05,0.07,0.04,0.01,0.01,0.01,0.0,-1.0,-0.01,-0.01,-0.01,-0.01,-0.01,0.01,0.04,0.18,0.05,-0.02,-0.02,-0.02,0.0,-1.0,0.03,0.04,-0.01,-0.01,-0.01,-0.08,-0.04,-0.01,0.0,0.0,0.0,0.0,-0.11,-0.04,-0.04,0.01,-0.02,-0.02,-0.02,0.08,0.02,0.01,0.06,-0.03,-0.03,-0.03,-0.09,0.01,0.0,0.0,-1.0,-0.5,-0.33,0.01,-0.02,0.06,0.07,0.02
2000-04-01,-0.04,-0.17,-0.38,0.0,-0.12,0.04,0.04,0.05,0.61,-0.18,0.0,-0.04,-0.1,-0.09,-0.09,-0.21,-0.11,0.0,-0.06,-0.03,-0.03,-0.03,-0.02,-0.04,-0.02,-0.02,-0.02,-0.02,-0.02,-0.06,0.02,-0.02,0.12,0.0,0.0,0.0,0.04,-0.11,0.15,0.0,-1.0,-0.5,-0.33,-0.12,0.01,0.02,-0.08,-0.03,-0.03,-0.03,-0.03,0.11,0.0,-0.02,0.02,0.02,0.02,0.0,-0.09,0.03,-0.01,-0.03,-0.03,-0.03,-0.07,-0.02,-0.02,-0.01,-0.05,-0.05,-0.05,0.01,0.07,0.03,0.0,-1.0,-0.5,-0.33,0.05,-0.04,0.02,0.08,0.0,0.0,0.0,-0.02,-0.02,0.11,-0.04,-0.01
2000-07-01,-0.33,-0.21,-0.37,0.11,-0.07,-0.04,-0.04,-0.04,0.18,-0.07,0.25,0.5,0.0,0.0,0.0,-0.24,-0.12,0.04,0.44,-0.09,-0.09,-0.08,-0.05,0.05,0.4,0.07,-0.25,-0.2,-0.17,-0.39,-0.3,0.29,0.0,-1.0,-0.5,-0.33,-0.07,-0.02,0.25,0.02,-0.13,-0.11,-0.1,-0.03,0.49,0.87,0.05,-0.19,-0.16,-0.14,0.28,-0.12,-0.15,0.03,-0.12,-0.11,-0.1,-0.04,0.14,0.22,0.38,-0.12,-0.11,-0.1,-0.15,0.23,0.11,0.75,0.5,1.0,0.0,-1.0,0.11,-0.25,0.26,0.36,0.56,1.25,-0.69,-0.07,1.33,-2.2,0.07,0.08,0.08,-1.8,0.25,-0.43,-0.46,-0.05
2000-10-01,0.01,0.01,0.0,0.16,0.0,0.09,0.03,0.03,0.03,0.11,0.12,-0.19,0.15,-0.04,-0.03,-0.03,-0.14,0.0,0.13,-0.09,-0.06,-0.06,-0.06,-0.07,-0.1,-0.16,0.0,-1.0,-0.5,-0.33,0.02,0.14,0.02,-0.07,-0.02,-0.02,-0.02,0.04,0.0,0.12,-0.02,0.01,0.01,0.01,0.07,0.05,-0.06,-0.04,-0.01,-0.01,-0.01,0.02,0.11,0.33,0.06,-0.01,-0.01,-0.01,0.14,0.04,0.08,0.09,0.11,0.13,0.15,-0.2,0.43,-0.12,-0.06,0.11,0.12,0.14,-0.29,7.5,0.0,-1.0,-3.0,-0.75,-0.43,-0.59,1.12,1.0,-0.33,0.2,0.25,0.33,-2.0,0.0,0.0,0.0
2001-01-01,-1.0,-0.5,-0.33,0.04,0.16,-0.21,0.0,-1.0,-0.5,-0.33,-0.29,-0.53,0.0,-0.05,-0.02,-0.02,-0.02,-0.01,0.08,0.1,-0.01,-0.01,-0.01,-0.01,-0.06,0.03,0.18,0.05,-0.05,-0.04,-0.04,-0.03,0.06,0.0,0.0,-0.02,-0.02,-0.02,0.0,-1.0,0.07,0.01,0.02,0.02,0.02,-0.04,0.02,0.08,-0.02,0.04,0.04,0.04,-0.05,0.07,-0.02,0.0,0.0,0.0,0.0,-0.13,0.0,0.03,-0.06,0.01,0.01,0.01,-0.06,-0.07,0.0,-0.04,0.04,0.04,0.04,0.02,0.03,0.03,0.15,0.05,0.05,0.06,0.0,0.0,-0.02,0.0,-1.0,-0.5,-0.33,0.11,0.12,-0.08
2001-04-01,0.06,0.07,-0.05,0.05,-0.03,0.16,0.03,0.03,0.03,0.09,0.02,0.59,0.0,0.06,0.06,0.07,-0.17,-0.03,0.03,0.12,0.04,0.04,0.04,0.1,-0.09,0.15,0.25,0.12,0.13,0.15,2.67,-0.57,-0.5,-0.42,0.04,0.05,0.05,0.5,0.17,0.71,0.0,-1.0,-0.5,-0.33,-0.18,0.83,2.0,1.0,-4.0,-0.8,-0.44,-2.5,-0.33,-0.8,0.25,0.03,0.03,0.03,0.1,-0.5,-0.09,0.05,0.17,0.2,0.25,11.0,-0.8,-0.17,2.0,-7.0,-0.88,-0.47,-0.69,-0.06,0.21,0.0,-1.0,-0.5,-0.33,-0.53,-0.11,-0.27,0.04,0.09,0.1,0.11,-0.44,-0.38,-0.42,0.0
2001-07-01,-0.01,-0.01,0.04,-0.02,-0.02,0.05,0.0,0.0,0.0,-0.01,-0.02,0.0,0.0,0.0,0.0,0.0,0.03,-0.02,0.01,-0.01,-0.0,-0.0,-0.0,0.02,0.03,-0.01,-0.01,-0.01,-0.01,-0.01,-0.04,-0.03,0.02,0.0,-1.0,-0.5,-0.33,0.02,0.03,-0.01,0.01,-0.01,-0.01,-0.01,-0.05,-0.01,0.02,0.07,0.0,0.0,0.0,0.1,0.06,-0.04,0.05,0.0,0.0,0.0,0.07,-0.03,0.03,-0.01,-0.02,-0.02,-0.02,0.09,-0.05,0.01,-0.02,-0.02,-0.02,-0.02,0.09,0.14,0.13,-0.04,0.5,1.0,0.0,-1.0,0.12,-0.1,0.15,0.02,0.02,0.02,0.09,0.04,0.06,0.04
2001-10-01,-0.0,-0.0,-0.0,0.0,-0.03,-0.02,-0.01,-0.01,-0.01,-0.01,-0.03,0.01,0.12,0.1,0.02,0.02,0.02,0.02,0.0,0.0,-1.0,0.01,0.01,0.01,0.01,-0.03,0.01,0.0,-1.0,-0.5,-0.33,0.03,0.05,-0.06,-0.03,-0.0,-0.0,-0.0,0.01,-0.03,0.03,-0.01,0.0,0.0,0.0,-0.05,-0.01,0.02,0.01,-0.01,-0.01,-0.01,-0.02,0.06,-0.11,0.01,-0.0,-0.0,-0.0,0.02,0.04,0.03,-0.01,-0.01,-0.01,-0.01,-0.03,-0.01,0.04,0.0,-0.01,-0.01,-0.01,0.03,0.0,-0.02,0.03,-0.02,-0.02,-0.02,-0.01,-0.03,0.02,-0.02,-0.01,-0.01,-0.01,-0.01,0.0,-1.0
2002-01-01,-1.0,-0.01,-0.01,-0.01,0.01,-0.02,0.0,-1.0,0.0,0.0,0.0,0.01,0.0,-0.02,-0.02,0.0,0.0,0.0,0.02,0.03,-0.03,0.0,-0.0,-0.0,-0.0,0.07,0.04,0.06,-0.0,-0.0,-0.0,-0.0,0.0,-0.04,0.02,-0.0,-0.0,-0.0,-0.0,0.0,-1.0,0.03,0.02,-0.01,-0.01,-0.01,0.03,0.07,0.04,0.0,-1.0,-0.5,-0.33,0.01,0.02,-0.01,0.07,-0.01,-0.01,-0.01,0.08,-0.03,-0.06,-0.01,0.0,0.0,0.0,-0.01,-0.01,-0.01,0.02,-0.0,-0.0,-0.0,0.02,0.01,0.0,0.0,-0.01,-0.01,-0.01,0.0,0.01,-0.0,0.0,-1.0,-0.5,-0.33,0.0,0.02
2002-04-01,0.5,1.0,0.0,-1.0,0.03,0.0,-0.01,0.0,0.0,0.0,0.0,-0.0,0.02,0.01,-0.0,-0.0,-0.0,-0.01,0.02,-0.01,0.0,-0.0,-0.0,-0.0,0.02,0.05,0.02,0.0,0.0,0.0,0.0,0.04,0.01,-0.03,0.02,0.0,0.0,0.0,-0.01,0.0,0.0,0.0,-1.0,-0.5,-0.33,-0.03,-0.02,0.01,0.02,-0.0,-0.0,-0.0,-0.01,0.01,0.01,-0.0,-0.01,-0.01,-0.01,-0.02,0.01,-0.01,-0.02,-0.0,-0.0,-0.0,0.01,0.0,0.02,0.0,-1.0,-0.5,-0.33,-0.01,0.02,-0.0,-0.02,-0.0,-0.0,-0.0,0.01,-0.03,0.0,0.0,-0.0,-0.0,-0.0,0.01,-0.01,0.0
2002-07-01,-0.0,-0.0,-0.0,0.01,0.03,-0.03,0.01,0.01,0.01,0.01,-0.02,0.02,-0.03,0.0,0.0,0.0,0.0,-0.03,-0.01,-0.01,-0.01,-0.01,-0.0,-0.0,0.02,-0.01,0.02,-0.0,-0.01,-0.01,-0.0,0.01,-0.01,-0.01,0.0,-1.0,-0.5,-0.33,0.0,0.01,-0.01,-0.0,-0.01,-0.01,-0.01,0.02,-0.02,-0.01,0.03,0.01,0.01,0.01,-0.01,-0.01,0.05,0.0,0.0,0.0,0.0,-0.01,0.02,-0.01,-0.0,0.0,0.0,0.0,-0.01,-0.01,-0.02,-0.01,-0.0,-0.0,-0.0,-0.01,0.0,0.01,0.01,-0.0,-0.0,-0.0,-0.01,-0.01,0.01,-0.0,0.0,0.0,0.0,-0.01,-0.0,-0.01
2002-10-01,0.03,0.0,0.0,0.0,-0.04,0.01,0.03,-0.0,-0.01,-0.01,-0.01,0.0,-0.02,0.0,-0.01,-0.01,-0.01,-0.01,-0.03,-0.04,0.03,-0.02,-0.0,-0.0,-0.0,0.04,-0.01,-0.0,0.0,-1.0,-0.5,-0.33,-0.01,-0.03,-0.02,0.03,-0.01,-0.01,-0.01,-0.02,0.03,0.01,-0.03,-0.01,-0.01,-0.01,0.06,0.05,-0.03,-0.02,-0.01,-0.01,-0.01,-0.05,0.01,-0.0,0.05,-0.01,-0.01,-0.01,-0.03,-0.0,-0.04,0.01,0.02,0.02,0.02,0.0,-0.02,0.01,-0.01,-0.01,-0.01,-0.01,-0.01,-0.02,-0.01,0.03,0.0,0.0,0.0,-0.01,0.0,-0.04,-0.02,-0.01,-0.01,-0.01,0.0,-1.0
2003-01-01,-1.0,0.0,-0.01,-0.01,-0.01,-0.03,0.0,-1.0,-0.01,0.0,0.0,0.0,0.0,-0.04,-0.02,-0.0,0.01,0.01,0.01,0.02,0.0,-0.02,0.01,-0.01,-0.01,-0.01,-0.01,-0.02,-0.02,0.01,-0.0,-0.0,-0.0,0.0,-1.0,0.06,-0.03,0.0,0.0,0.0,0.01,0.02,0.03,-0.0,-0.0,-0.0,-0.0,0.01,0.07,0.0,0.0,-1.0,-0.5,-0.33,-0.01,-0.07,0.07,0.02,0.01,0.01,0.01,0.04,0.0,0.01,-0.02,0.0,0.0,0.0,-0.01,-0.03,0.0,0.02,0.01,0.01,0.01,-0.01,0.04,0.0,0.0,-1.0,-0.5,-0.33,0.07,0.03,0.0,0.01,-0.01,-0.01,-0.01,-0.02
2003-04-01,0.01,-0.01,-0.01,-0.01,-0.0,0.0,-0.0,-0.01,-0.01,-0.01,-0.01,0.03,0.01,0.02,0.04,0.01,0.01,0.01,-0.01,0.05,0.0,-0.0,0.0,0.0,0.0,0.01,0.02,-0.0,-0.01,-0.0,-0.0,-0.0,-0.02,-0.01,-0.02,-0.02,-0.01,-0.01,-0.01,0.02,-0.01,-0.02,0.0,-1.0,-0.5,-0.33,0.02,-0.01,-0.02,-0.01,0.0,0.0,0.0,-0.0,-0.01,0.01,-0.01,0.0,0.0,0.0,0.0,-0.02,0.02,0.0,0.0,0.0,0.0,-0.01,0.01,-0.01,0.0,-1.0,-0.5,-0.33,-0.02,0.01,-0.0,-0.01,-0.0,-0.0,-0.0,-0.01,0.06,-0.01,-0.01,0.01,0.01,0.01,-0.01,0.0
2003-07-01,0.01,-0.01,-0.01,-0.01,0.03,0.07,0.0,-0.0,-0.01,-0.01,-0.01,0.01,0.02,0.05,0.03,0.01,0.01,0.01,0.0,-0.0,0.02,-0.01,-0.01,-0.01,-0.01,0.01,0.02,-0.0,-0.01,0.0,0.0,0.0,0.01,-0.03,0.0,0.0,-1.0,-0.5,-0.33,0.0,-0.03,-0.0,-0.03,0.0,0.0,0.0,-0.02,0.0,-0.03,0.0,-0.01,-0.01,-0.01,-0.01,0.0,-0.05,-0.02,-0.0,-0.0,-0.0,0.01,0.01,-0.02,0.01,0.0,0.0,0.0,-0.0,-0.02,0.01,0.0,0.5,1.0,0.0,-1.0,0.0,-0.0,-0.01,0.0,0.0,0.0,0.01,0.0,0.0,-0.02,0.0,0.0,0.0,0.01,0.0
2003-10-01,0.0,-0.04,0.0,0.0,0.0,-0.03,-0.01,-0.03,0.0,0.01,0.01,0.01,-0.0,-0.01,-0.03,0.01,0.0,0.0,0.0,-0.02,0.02,-0.03,-0.01,0.0,0.0,0.0,-0.05,-0.02,0.0,0.0,-1.0,-0.5,-0.33,0.01,-0.03,0.01,-0.01,0.0,0.0,0.0,-0.02,0.02,0.02,-0.03,-0.01,-0.01,-0.01,0.0,-0.01,0.06,0.0,0.01,0.01,0.01,-0.01,-0.01,-0.04,0.04,-0.01,-0.01,-0.01,-0.01,0.05,-0.02,0.03,0.01,0.01,0.01,0.01,0.03,-0.02,-0.01,0.02,0.02,0.02,0.0,0.01,0.01,0.07,0.01,0.01,0.01,-0.01,-0.01,0.0,0.0,0.5,1.0,0.0,-1.0
2004-01-01,-1.0,-0.01,0.0,0.0,0.0,0.0,0.0,-1.0,-0.02,0.03,0.0,0.0,0.0,0.0,-0.01,-0.01,-0.01,0.0,0.0,0.0,-0.01,0.0,-0.01,0.01,0.0,0.01,0.01,-0.04,-0.01,0.01,-0.0,0.0,0.0,0.0,0.0,-1.0,0.02,-0.01,0.01,0.01,0.01,0.0,-0.02,0.02,-0.0,-0.01,-0.01,-0.01,-0.03,-0.04,0.0,-1.0,0.0,0.0,0.0,0.01,0.02,0.01,-0.02,0.01,0.01,0.01,-0.01,0.01,0.02,-0.02,0.0,0.0,0.0,-0.03,0.02,-0.03,-0.0,-0.0,-0.0,-0.0,-0.02,0.01,0.02,0.0,-1.0,-0.5,-0.33,-0.01,0.01,0.0,0.04,-0.0,-0.0,-0.0
2004-04-01,0.02,-0.01,0.0,0.01,0.01,0.01,0.03,0.0,0.01,-0.0,-0.01,-0.01,-0.01,0.01,0.02,0.01,-0.03,0.0,0.0,0.0,0.02,-0.0,0.0,-0.02,-0.01,-0.01,-0.01,-0.06,-0.01,0.01,0.02,0.0,0.0,0.0,-0.02,0.01,-0.0,-0.0,-0.01,-0.01,-0.01,0.02,0.0,0.0,0.0,-1.0,-0.5,-0.33,-0.01,0.02,-0.02,0.01,-0.0,-0.0,-0.0,-0.02,0.02,0.01,-0.02,0.0,0.0,0.0,-0.01,0.0,0.02,-0.02,0.01,0.01,0.01,0.03,-0.02,-0.01,0.0,-1.0,-0.5,-0.33,0.01,-0.01,-0.01,-0.02,-0.0,-0.0,-0.0,-0.04,0.01,-0.01,-0.03,0.0,0.0,0.0
2004-07-01,0.02,-0.01,-0.02,0.0,0.0,0.0,-0.01,-0.01,0.01,0.01,-0.01,-0.01,-0.01,0.0,-0.0,0.03,-0.04,0.5,1.0,0.0,-1.0,-0.01,0.01,-0.01,-0.0,-0.0,-0.0,0.01,-0.01,0.01,0.0,-1.0,-0.5,-0.33,0.01,-0.01,-0.02,-0.01,-0.0,-0.0,-0.0,0.01,-0.02,0.02,0.01,-0.01,-0.01,-0.01,-0.01,0.02,0.01,0.0,0.0,0.0,0.0,0.02,0.0,0.02,0.01,-0.0,-0.0,-0.0,-0.01,0.01,0.02,-0.01,-0.0,-0.0,-0.0,0.02,-0.01,0.0,0.01,0.0,0.0,0.0,-0.01,0.01,0.01,0.03,0.5,1.0,0.0,-1.0,0.01,-0.0,-0.02,0.01,0.01,0.01
2004-10-01,0.03,0.02,0.03,0.01,-0.01,-0.01,-0.01,0.0,0.0,-0.02,-0.0,-0.01,-0.01,-0.01,0.01,-0.04,0.01,-0.0,-0.0,-0.0,-0.0,-0.02,0.02,-0.03,0.0,-1.0,-0.5,-0.33,0.02,0.02,0.0,-0.02,-0.01,-0.01,-0.01,0.0,-0.02,-0.01,0.0,-0.0,-0.0,-0.0,0.0,0.0,0.0,-0.01,-0.0,-0.0,-0.0,-0.02,-0.01,0.01,0.02,-0.0,-0.0,-0.0,-0.05,-0.0,-0.0,-0.0,-0.01,-0.01,-0.01,-0.03,0.0,-0.0,0.04,-0.0,-0.0,-0.0,-0.01,-0.01,0.01,0.03,0.0,0.0,0.0,-0.04,-0.0,0.0,0.01,-0.01,-0.01,-0.01,-0.0,0.01,0.02,0.0,-1.0,-0.5
2005-01-01,-0.02,-0.01,-0.03,0.02,0.01,0.5,1.0,0.0,-1.0,0.0,0.03,-0.01,-0.0,-0.0,-0.0,0.01,0.06,-0.03,0.01,0.0,0.0,0.0,-0.02,0.03,-0.04,-0.01,-0.01,-0.01,-0.01,-0.06,0.01,0.01,0.01,0.01,0.01,0.01,0.0,-1.0,0.01,0.01,-0.01,-0.01,-0.01,0.03,-0.01,-0.03,-0.0,-0.01,-0.01,-0.01,0.0,-1.0,0.01,-0.0,-0.0,-0.0,-0.0,0.03,-0.0,0.0,0.0,-0.0,-0.0,-0.0,-0.02,-0.0,0.04,0.0,-0.01,-0.01,-0.01,-0.0,-0.01,-0.03,-0.0,-0.01,-0.01,-0.01,0.01,-0.03,-0.01,0.0,-1.0,-0.5,-0.33,-0.05,0.02,0.02,-0.0,-0.0
2005-04-01,-0.03,-0.01,-0.02,-0.02,0.5,1.0,0.0,-1.0,-0.01,0.02,0.04,-0.0,-0.0,-0.0,0.01,-0.02,-0.01,0.01,-0.02,-0.02,-0.01,0.04,-0.02,0.08,0.05,-0.0,-0.0,-0.0,-0.04,-0.01,0.01,0.02,0.01,0.02,0.02,-0.04,0.0,-0.01,0.0,-1.0,-0.5,-0.33,0.03,0.01,0.05,0.01,-0.01,-0.01,-0.01,-0.01,0.05,-0.04,0.0,-0.01,-0.01,-0.01,-0.05,0.04,0.0,0.01,-0.01,-0.01,-0.01,-0.04,-0.01,-0.01,0.02,-0.01,-0.01,-0.01,-0.01,-0.01,0.01,0.0,-1.0,-0.5,-0.33,0.01,-0.03,-0.01,-0.01,-0.01,-0.01,-0.01,-0.01,0.01,0.0,0.03,-0.02,-0.02
2005-07-01,0.1,-0.06,0.04,0.11,-0.03,-0.03,-0.03,-0.07,-0.03,-0.12,-0.05,-0.0,-0.0,-0.0,-0.01,-0.01,0.0,0.06,0.01,0.01,0.01,0.05,0.06,0.03,-0.04,-0.01,-0.01,-0.01,0.05,-0.02,-0.07,0.0,-1.0,-0.5,-0.33,-0.03,0.01,0.03,0.0,-0.04,-0.04,-0.04,-0.01,0.02,-0.02,0.0,-0.01,-0.01,-0.01,-0.01,-0.03,0.01,-0.04,-0.01,-0.01,-0.01,0.02,0.04,0.02,0.02,-0.01,-0.01,-0.01,0.0,-0.04,-0.01,0.03,0.0,0.0,0.0,-0.08,0.07,0.04,-0.05,-0.03,-0.03,-0.02,-0.07,-0.01,-0.01,-0.04,-0.0,-0.0,-0.0,-0.01,0.02,-0.01,0.01,0.0,0.0
2005-10-01,-0.0,0.05,-0.06,-0.01,0.04,0.0,0.0,0.0,0.07,-0.08,0.2,-0.03,-0.04,-0.04,-0.04,-0.01,0.03,0.12,0.0,0.01,0.01,0.01,-0.03,0.02,0.16,0.0,-1.0,-0.5,-0.33,0.06,0.08,-0.19,-0.06,0.01,0.01,0.01,0.02,-0.03,-0.01,-0.03,0.0,0.0,0.0,-0.03,-0.07,0.1,-0.05,0.0,0.0,0.0,-0.11,-0.09,0.0,0.01,0.0,0.0,0.0,0.04,0.01,-0.01,0.01,-0.01,-0.01,-0.01,0.09,-0.09,0.07,0.0,-0.02,-0.02,-0.02,-0.09,0.07,-0.02,-0.03,0.0,0.0,0.0,-0.04,0.01,0.01,0.02,-0.01,-0.01,-0.01,0.04,0.01,0.0,0.0,-1.0
2006-01-01,-0.5,-0.33,-0.14,-0.16,0.19,0.0,-1.0,-0.5,-0.33,-0.15,-0.1,-0.02,0.06,-0.02,-0.02,-0.02,-0.04,-0.04,-0.11,-0.05,0.03,0.03,0.03,0.13,0.08,0.09,-0.15,0.0,0.0,0.0,-0.04,0.02,0.08,0.16,-0.04,-0.04,-0.03,0.0,-1.0,0.04,0.09,-0.02,-0.02,-0.02,0.09,-0.08,-0.11,-0.07,0.5,1.0,0.0,-1.0,-0.11,0.07,-0.12,0.0,0.0,0.0,-0.04,0.06,0.08,0.05,-0.03,-0.03,-0.03,-0.06,-0.01,0.15,0.15,0.01,0.01,0.01,-0.15,0.0,-0.05,0.0,-0.03,-0.03,-0.03,-0.04,-0.03,0.14,0.0,-1.0,-0.5,-0.33,-0.05,-0.03,0.04,-0.04
2006-04-01,-0.03,-0.08,0.39,0.29,1.0,0.31,0.45,0.83,-0.67,5.0,-0.5,0.0,-1.0,-0.5,-0.33,0.33,-0.7,-0.17,-0.25,0.04,0.05,0.05,0.0,-0.07,0.07,0.0,0.24,0.31,0.44,2.0,-3.0,-0.86,1.33,0.12,0.14,0.17,-0.33,-0.25,-5.0,0.0,0.0,0.0,0.0,-1.0,-0.33,-0.14,1.33,-0.25,-0.2,-0.17,2.0,-0.67,-0.25,0.14,0.05,0.05,0.06,-0.33,-0.1,0.67,0.0,-0.05,-0.05,-0.05,-0.12,0.14,0.0,-1.0,2.0,-2.0,-0.67,-0.33,-4.0,-0.75,0.0,-1.0,-0.5,-0.33,-0.7,-0.38,0.14,-0.07,-0.02,-0.02,-0.02,0.0,-0.06,-0.19,0.0,-1.0
2006-07-01,-0.17,-0.33,-0.12,0.5,-0.27,-0.04,-0.04,-0.04,-0.11,0.17,0.04,0.1,-0.06,-0.06,-0.05,0.0,0.67,0.88,0.33,-0.18,-0.15,-0.13,-0.23,-0.19,0.07,-0.12,-0.04,-0.04,-0.04,-0.32,0.08,0.04,0.0,-1.0,-0.5,-0.33,-0.12,0.19,-0.09,0.1,-0.03,-0.03,-0.03,-0.08,-0.24,0.22,-0.07,-0.05,-0.05,-0.05,0.06,0.28,0.0,0.0,-0.05,-0.05,-0.05,-0.19,0.09,0.06,-0.03,0.02,0.02,0.02,-0.03,-0.06,0.18,0.17,-0.03,-0.03,-0.03,-0.16,0.0,0.15,-0.07,0.5,1.0,0.0,-1.0,0.25,0.22,-0.18,0.0,0.0,0.0,0.27,0.29,-0.11,-0.1,-0.03
2006-10-01,0.01,0.01,0.04,-0.14,-0.03,-0.09,-0.01,-0.01,-0.01,0.22,0.35,0.0,0.54,-0.07,-0.07,-0.06,0.0,0.14,0.17,-0.08,-0.05,-0.05,-0.04,-0.12,0.0,-0.23,0.0,-1.0,-0.5,-0.33,-0.06,0.07,0.04,-0.07,-0.02,-0.02,-0.02,0.14,0.04,-0.04,-0.03,0.04,0.04,0.04,0.18,0.1,0.18,0.42,0.06,0.06,0.07,-0.17,-0.2,-0.12,-0.11,0.02,0.02,0.02,0.2,0.07,0.08,0.18,0.14,0.16,0.19,1.33,-0.57,0.17,0.2,0.0,0.0,0.0,0.0,0.0,0.0,-1.0,0.71,2.5,-1.67,-0.67,-0.25,-0.2,-0.29,-0.19,-0.16,-0.14,-0.37,-0.14,0.0,-1.0
2007-01-01,-1.0,-0.5,-0.33,0.03,-0.03,-0.18,0.0,-1.0,-0.5,-0.33,-0.14,0.17,0.0,0.0,0.05,0.05,0.05,-0.14,0.0,-0.18,0.07,0.0,0.0,0.0,-0.16,-0.04,-0.06,-0.07,-0.01,-0.01,-0.01,0.05,0.1,-0.02,0.04,0.01,0.01,0.01,0.0,-1.0,-0.02,0.02,0.0,0.0,0.0,0.12,-0.1,-0.08,0.08,-0.02,-0.02,-0.02,0.09,0.02,0.1,0.11,0.01,0.01,0.01,-0.21,-0.06,0.06,0.12,-0.01,-0.01,-0.01,0.1,0.15,0.13,0.03,-0.01,-0.01,-0.01,-0.03,-0.03,0.03,0.03,0.07,0.08,0.08,-0.11,0.13,-0.04,0.0,-1.0,-0.5,-0.33,-0.24,-0.08,0.29
2007-04-01,0.0,0.0,-0.05,-0.07,-0.04,0.0,0.0,0.0,0.0,0.0,-0.12,0.04,0.04,-0.01,-0.01,-0.01,-0.04,-0.04,-0.1,0.11,0.01,0.01,0.01,-0.14,-0.05,0.02,0.03,-0.01,-0.01,-0.01,0.02,-0.02,-0.06,0.14,0.04,0.04,0.04,0.09,-0.06,-0.04,0.0,-1.0,-0.5,-0.33,0.02,0.12,0.2,-0.08,0.02,0.02,0.02,-0.16,0.05,0.11,0.09,0.03,0.03,0.03,0.07,0.0,0.16,0.04,-0.01,-0.01,-0.01,-0.07,-0.16,-0.03,-0.11,0.01,0.01,0.01,-0.03,0.12,-0.08,0.0,-1.0,-0.5,-0.33,-0.14,-0.08,-0.05,0.0,0.02,0.02,0.02,-0.05,0.11,-0.03,0.0
2007-07-01,-0.34,-0.25,-0.38,0.06,0.14,0.04,-0.15,-0.13,-0.11,-0.11,0.15,-0.09,-0.15,-0.05,-0.05,-0.04,0.03,0.07,0.0,0.32,0.05,0.05,0.06,0.13,0.82,0.13,0.25,-0.1,-0.09,-0.08,-0.06,4.67,-2.5,0.0,-1.0,-0.5,-0.33,-0.6,0.0,-0.5,0.11,0.29,0.4,0.67,-0.4,0.25,-0.67,-0.25,-0.08,-0.07,-0.07,-0.09,0.05,-0.22,0.08,0.0,0.0,0.0,0.14,-0.15,0.0,-0.07,0.05,0.05,0.06,-0.11,-0.13,-0.11,0.09,0.01,0.01,0.01,0.0,-0.09,0.06,0.19,0.01,0.01,0.01,-0.1,-0.03,0.0,0.11,-0.02,-0.02,-0.02,-0.19,-0.12,0.08,-0.03
2007-10-01,-0.06,-0.06,-0.06,-0.11,-0.03,0.07,0.06,-0.04,-0.04,-0.04,0.0,0.5,0.22,0.48,-0.12,-0.1,-0.09,0.12,0.08,0.46,-0.32,0.07,0.07,0.08,0.41,0.83,0.33,0.0,-1.0,-0.5,-0.33,-0.21,0.14,3.54,-5.33,-1.27,-0.56,-0.36,-0.47,-0.24,-0.05,-0.34,0.15,0.18,0.22,0.14,0.69,4.33,1.25,-0.62,-0.38,-0.28,-13.0,-0.82,-0.35,0.06,0.04,0.05,0.05,0.17,-0.08,-0.28,0.29,0.27,0.38,0.6,-0.62,0.86,-0.12,0.6,0.36,0.57,1.33,-1.17,0.0,-0.5,0.71,-0.25,-0.2,-0.17,-0.12,0.14,0.75,-0.58,-0.08,-0.07,-0.07,0.14,0.0,-1.0
2008-01-01,-1.0,-0.11,-0.1,-0.09,-0.11,0.06,0.0,-1.0,-0.09,-0.09,-0.08,0.05,-0.03,0.05,-0.03,-0.06,-0.06,-0.06,0.04,0.12,0.12,-0.05,0.03,0.03,0.03,0.08,0.09,0.04,-0.01,0.0,0.0,0.0,-0.14,-0.03,0.24,0.13,-0.04,-0.04,-0.03,0.0,-1.0,0.12,0.21,-0.04,-0.04,-0.04,-0.14,0.0,0.14,0.0,-1.0,-0.5,-0.33,0.07,0.06,0.37,-0.03,-0.03,-0.03,-0.03,0.27,0.02,0.23,0.16,-0.06,-0.05,-0.05,0.05,-0.16,0.19,0.02,-0.09,-0.09,-0.08,-0.28,0.36,0.37,0.05,-0.09,-0.08,-0.07,-0.07,-0.08,-0.03,0.0,-1.0,-0.5,-0.33,0.12,-0.02
2008-04-01,0.05,-0.01,-0.01,-0.01,-0.05,0.02,0.0,-0.04,0.5,1.0,0.0,-1.0,-0.02,0.08,0.15,-0.0,-0.0,-0.0,0.02,0.1,-0.05,0.0,0.0,0.0,0.0,-0.05,0.03,0.1,0.07,0.03,0.03,0.03,-0.07,-0.03,0.07,0.02,0.02,0.02,0.03,0.01,-0.07,0.04,0.0,-1.0,-0.5,-0.33,0.01,0.08,0.05,0.03,-0.02,-0.02,-0.02,-0.1,0.04,0.06,0.01,-0.03,-0.02,-0.02,-0.11,0.09,0.11,0.11,-0.01,-0.01,-0.01,0.0,0.01,0.11,0.0,-1.0,-0.5,-0.33,0.36,-0.02,0.09,-0.11,-0.06,-0.05,-0.05,0.09,0.12,-0.02,0.03,-0.05,-0.05,-0.04,0.01,0.03
2008-07-01,0.02,-0.03,-0.03,-0.03,-0.01,0.01,0.02,-0.02,0.0,0.0,0.0,-0.01,0.04,-0.0,0.03,-0.02,-0.01,-0.01,0.02,0.04,0.02,-0.02,0.01,0.01,0.01,-0.05,0.03,0.03,-0.03,-0.01,-0.01,-0.01,-0.0,0.02,0.05,0.0,-1.0,-0.5,-0.33,-0.03,0.06,0.02,-0.04,0.0,0.0,0.0,0.0,-0.05,0.01,0.03,-0.01,-0.01,-0.01,-0.02,-0.03,-0.04,-0.02,-0.01,-0.01,-0.01,0.03,-0.0,-0.02,-0.02,-0.02,-0.02,-0.02,-0.02,0.04,0.02,0.02,-0.0,-0.0,-0.0,-0.04,-0.03,0.04,0.02,0.02,0.02,0.02,0.01,0.05,0.0,0.02,-0.0,-0.0,-0.0,-0.03,0.01
2008-10-01,-0.0,0.1,-0.04,-0.04,-0.03,-0.04,-0.06,0.09,0.2,-0.03,-0.03,-0.03,-0.16,-0.02,0.28,0.08,0.03,0.03,0.03,0.11,0.01,0.02,0.01,-0.01,-0.01,-0.01,0.02,-0.03,-0.0,0.0,-1.0,-0.5,-0.33,0.03,-0.02,0.01,0.01,-0.02,-0.02,-0.02,0.02,0.02,0.02,0.01,0.0,0.0,0.0,-0.01,-0.04,0.02,-0.03,-0.02,-0.02,-0.02,-0.01,-0.07,0.06,0.03,-0.01,-0.01,-0.01,0.0,-0.03,0.0,0.02,-0.01,-0.01,-0.01,0.0,-0.07,-0.01,-0.01,-0.0,-0.0,-0.0,-0.0,0.02,0.05,0.04,0.01,0.01,0.01,0.08,0.06,-0.01,-0.01,0.5,1.0,0.0,-1.0
2009-01-01,-1.0,0.06,-0.03,-0.01,-0.01,-0.01,0.0,-1.0,0.02,0.0,0.01,0.01,0.01,0.01,-0.03,-0.08,-0.07,-0.01,-0.01,-0.01,-0.02,-0.02,0.02,-0.04,0.01,0.01,0.01,0.05,-0.05,0.01,-0.01,-0.03,-0.03,-0.03,0.0,-1.0,-0.02,-0.07,0.0,0.0,0.0,0.04,-0.07,-0.03,-0.04,-0.0,-0.0,-0.0,-0.01,0.01,0.0,-1.0,0.0,0.0,0.0,0.03,0.03,0.0,-0.04,-0.01,-0.01,-0.01,-0.01,0.08,0.06,0.06,0.01,0.01,0.01,0.08,0.02,-0.02,-0.0,-0.06,-0.05,-0.05,-0.11,-0.08,0.02,0.0,-1.0,-0.5,-0.33,0.12,0.07,0.13,-0.09,-0.02,-0.02,-0.02
2009-04-01,-0.02,-0.02,-0.01,-0.01,-0.01,0.01,-0.0,0.06,0.0,0.0,0.0,0.0,0.01,0.05,-0.17,0.02,0.0,0.0,0.0,0.01,-0.02,-0.01,0.03,0.01,0.01,0.01,-0.0,-0.04,0.03,0.01,-0.02,-0.02,-0.02,0.02,0.02,0.07,-0.0,-0.0,-0.0,-0.0,-0.02,0.05,0.05,0.0,-1.0,-0.5,-0.33,0.06,-0.01,-0.04,-0.06,-0.0,-0.0,-0.0,0.04,0.0,0.03,0.03,-0.02,-0.02,-0.02,-0.0,0.05,0.02,-0.04,0.0,0.0,0.0,0.01,0.03,0.08,0.0,-1.0,-0.5,-0.33,0.06,0.0,-0.05,0.0,-0.02,-0.02,-0.02,-0.01,-0.01,0.02,0.01,-0.0,-0.0,-0.0,0.0
2009-07-01,0.01,0.01,-0.0,-0.0,-0.0,-0.01,-0.05,0.02,-0.02,-0.01,-0.01,-0.01,-0.02,0.05,0.0,-0.03,-0.0,-0.0,-0.0,-0.02,-0.03,0.04,-0.01,0.01,0.01,0.01,0.02,0.05,-0.03,-0.02,0.02,0.02,0.03,-0.05,-0.01,0.07,0.0,-1.0,-0.5,-0.33,0.03,0.05,-0.02,0.01,0.01,0.01,0.01,0.01,0.0,-0.01,0.0,-0.01,-0.01,-0.01,-0.0,0.04,-0.01,0.0,-0.01,-0.01,-0.01,0.01,0.0,0.03,0.04,-0.01,-0.01,-0.01,0.02,0.01,0.02,0.02,-0.01,-0.01,-0.01,0.04,0.02,0.02,-0.03,0.5,1.0,0.0,-1.0,0.04,-0.02,-0.01,0.01,0.01,0.01,0.06
2009-10-01,-0.02,-0.0,-0.01,-0.0,-0.0,-0.0,-0.02,-0.01,-0.01,-0.01,-0.0,-0.0,-0.0,0.03,-0.02,0.01,0.02,0.01,0.01,0.01,-0.01,-0.04,0.0,0.0,-1.0,-0.5,-0.33,0.04,0.01,-0.03,-0.0,-0.01,-0.01,-0.01,-0.0,0.01,0.0,-0.01,-0.01,-0.01,-0.01,0.04,-0.01,-0.02,0.01,-0.01,-0.01,-0.01,-0.01,-0.04,0.01,-0.02,-0.01,-0.01,-0.01,0.02,0.0,0.03,0.01,0.01,0.01,0.01,-0.04,-0.0,-0.01,-0.01,0.0,0.0,0.0,-0.0,0.04,0.02,-0.03,-0.01,-0.01,-0.01,0.03,-0.01,0.04,0.04,0.01,0.01,0.01,-0.03,0.03,-0.04,-0.02,0.5,1.0,0.0
2010-01-01,-1.0,0.01,0.01,-0.01,0.5,1.0,0.0,-1.0,0.02,0.01,0.02,0.01,0.01,0.01,0.01,-0.03,0.01,0.01,0.0,0.0,0.0,0.01,0.01,0.01,-0.01,-0.0,-0.0,-0.0,0.03,0.02,0.02,0.02,-0.0,-0.0,-0.0,0.0,-1.0,-0.01,-0.02,-0.0,-0.0,-0.0,0.0,0.0,0.02,0.0,-0.01,-0.01,-0.01,-0.0,0.0,-1.0,-0.01,-0.0,-0.0,-0.0,-0.01,0.0,0.02,0.01,0.0,0.0,0.0,-0.03,0.03,-0.01,-0.03,0.01,0.01,0.01,0.02,0.01,0.02,-0.02,-0.0,-0.0,-0.0,-0.02,0.01,0.03,0.0,-1.0,-0.5,-0.33,0.04,0.03,-0.02,0.01,0.0,0.0
2010-04-01,0.01,-0.01,-0.0,0.0,0.0,0.0,-0.01,0.02,0.04,0.01,-0.0,-0.0,-0.0,0.01,0.01,0.0,-0.01,-0.0,-0.0,-0.0,-0.0,-0.0,0.01,-0.0,0.0,0.0,0.0,0.02,-0.01,0.0,0.0,0.0,0.0,0.0,-0.01,-0.02,0.0,-0.03,0.0,0.0,0.0,-0.01,0.01,0.02,0.0,-1.0,-0.5,-0.33,-0.01,0.0,0.02,0.01,0.0,0.0,0.0,-0.01,-0.03,0.02,-0.0,0.0,0.0,0.0,-0.01,0.01,0.0,-0.01,0.0,0.0,0.0,0.0,-0.02,-0.01,0.0,-1.0,-0.5,-0.33,-0.02,-0.01,0.01,-0.03,0.0,0.0,0.0,-0.01,0.0,0.02,-0.02,0.5,1.0,0.0
2010-07-01,0.0,-0.01,-0.02,-0.01,-0.01,-0.01,-0.01,0.0,-0.02,-0.03,0.0,0.0,0.0,0.0,-0.02,-0.02,0.01,0.01,0.01,0.01,-0.02,0.04,0.01,0.0,-0.0,-0.0,-0.0,-0.06,0.02,0.02,0.0,-1.0,-0.5,-0.33,-0.01,0.04,0.01,-0.02,0.0,0.0,0.0,-0.02,-0.03,-0.01,-0.03,0.0,0.0,0.0,-0.03,-0.0,0.0,-0.0,0.01,0.01,0.01,0.01,-0.04,-0.01,-0.02,0.0,0.0,0.0,-0.02,-0.01,0.03,-0.03,-0.0,-0.0,-0.0,0.01,0.01,-0.01,-0.0,0.0,0.0,0.0,-0.02,-0.01,0.01,-0.01,-0.0,-0.0,-0.0,0.0,0.01,-0.02,-0.01,0.0,0.0,0.0
2010-10-01,0.0,0.0,0.02,-0.03,-0.01,-0.01,-0.01,0.03,0.0,-0.02,-0.04,-0.01,-0.01,-0.01,-0.01,0.01,0.02,-0.02,-0.01,-0.01,-0.01,0.02,0.04,0.02,0.0,-1.0,-0.5,-0.33,0.04,0.02,0.05,-0.03,-0.02,-0.01,-0.01,0.07,-0.02,0.02,-0.04,-0.0,-0.0,-0.0,0.02,-0.02,0.0,0.02,-0.01,-0.01,-0.01,-0.02,0.0,-0.03,-0.03,0.0,0.0,0.0,-0.03,-0.01,0.01,-0.02,0.0,0.0,0.0,-0.03,0.0,-0.02,0.02,0.0,0.0,0.0,0.02,0.02,-0.03,0.0,0.0,0.0,0.0,-0.01,-0.02,-0.03,0.03,0.0,0.0,0.0,0.01,0.02,0.02,0.0,-1.0,-0.5
2011-01-01,0.0,-0.02,0.01,-0.04,0.05,0.5,1.0,0.0,-1.0,0.02,0.0,-0.0,0.0,0.0,0.0,-0.04,-0.01,0.01,0.06,-0.01,-0.01,-0.01,0.03,-0.01,0.03,0.07,-0.01,-0.01,-0.01,0.01,0.01,0.06,-0.01,-0.01,-0.01,-0.01,0.0,-1.0,0.06,-0.01,-0.01,-0.01,-0.01,-0.0,0.0,0.02,-0.03,0.02,0.02,0.02,0.0,-1.0,-0.03,0.05,0.0,0.0,0.0,0.02,-0.06,0.02,-0.01,0.0,0.0,0.0,-0.02,-0.02,0.03,0.03,-0.0,-0.0,-0.0,0.01,0.03,0.0,-0.0,-0.01,-0.01,-0.01,0.03,0.02,0.01,0.0,-1.0,-0.5,-0.33,0.0,0.0,-0.04,0.0,-0.0
2011-04-01,0.0,0.0,-0.01,0.01,-0.0,-0.0,-0.0,0.01,0.02,0.01,0.0,0.0,0.0,0.0,0.01,0.02,-0.03,-0.01,-0.01,-0.01,-0.01,0.01,-0.03,-0.02,0.01,0.0,0.0,0.0,-0.02,0.04,0.02,0.0,-0.0,-0.0,-0.0,-0.01,-0.01,0.01,0.0,-1.0,-0.5,-0.33,0.0,-0.0,0.01,-0.0,-0.0,-0.0,-0.0,-0.02,0.02,-0.03,0.02,-0.0,-0.0,-0.0,0.03,0.02,0.01,0.02,0.01,0.01,0.01,-0.02,-0.01,0.03,-0.02,-0.0,-0.0,-0.0,-0.01,0.03,-0.01,0.0,-1.0,-0.5,-0.33,0.0,-0.02,0.01,0.02,-0.0,-0.0,-0.0,-0.03,-0.02,0.04,0.0,0.0,0.0
2011-07-01,0.02,0.01,0.03,0.03,0.01,0.01,0.01,-0.02,-0.02,0.01,0.01,0.0,0.0,0.0,0.01,-0.02,-0.04,0.04,0.0,0.0,0.0,-0.01,0.01,-0.01,0.0,0.0,0.0,0.0,-0.02,0.03,-0.03,0.0,-1.0,-0.5,-0.33,0.0,-0.02,0.0,-0.0,-0.0,-0.0,-0.0,-0.01,-0.0,0.02,-0.01,-0.0,-0.0,-0.0,-0.02,0.01,-0.01,0.02,-0.0,-0.0,-0.0,0.0,-0.02,-0.01,-0.0,-0.0,-0.0,-0.0,-0.01,-0.01,0.02,-0.02,0.5,1.0,0.0,-1.0,-0.0,0.01,0.0,-0.0,-0.0,-0.0,-0.02,0.0,-0.01,-0.02,-0.0,-0.0,-0.0,0.0,0.01,0.02,0.01,0.0,0.0
2011-10-01,-0.02,-0.04,-0.02,0.01,0.05,0.01,0.01,0.01,0.06,-0.08,-0.04,-0.01,-0.02,-0.02,-0.02,-0.0,0.03,0.02,0.03,0.0,0.0,0.0,-0.03,-0.02,0.04,0.0,-1.0,-0.5,-0.33,-0.06,-0.04,0.01,-0.04,0.01,0.01,0.01,-0.02,-0.02,0.06,0.02,0.01,0.01,0.01,-0.01,-0.04,-0.02,-0.03,0.01,0.01,0.01,-0.04,0.07,-0.01,-0.08,-0.03,-0.03,-0.03,0.05,-0.06,0.01,-0.03,-0.01,-0.01,-0.01,-0.07,-0.01,0.0,-0.02,0.0,0.0,0.0,-0.01,0.01,0.02,-0.01,0.0,0.0,0.0,-0.02,0.02,0.01,-0.01,-0.01,-0.01,-0.01,-0.04,0.01,-0.01,0.0,-1.0
2012-01-01,-0.5,-0.33,-0.01,-0.02,-0.04,0.0,-1.0,-0.5,-0.33,0.03,-0.01,0.02,0.07,-0.01,-0.01,-0.01,-0.03,0.01,-0.02,-0.03,-0.01,-0.01,-0.01,0.04,-0.01,-0.03,0.02,0.0,0.0,0.0,-0.03,0.01,0.05,0.02,-0.0,-0.0,-0.0,0.0,-1.0,-0.03,-0.02,-0.01,-0.01,-0.01,0.03,-0.03,-0.02,0.01,0.5,1.0,0.0,-1.0,0.02,-0.05,0.03,-0.0,-0.0,-0.0,-0.01,0.03,0.01,-0.07,-0.03,-0.02,-0.02,-0.03,0.09,0.04,-0.04,0.0,0.0,0.0,0.02,0.01,0.0,0.0,-0.02,-0.02,-0.01,0.03,-0.02,0.03,0.0,-1.0,-0.5,-0.33,0.04,0.04,0.07,0.01
2012-04-01,-0.0,-0.0,0.02,-0.0,0.0,-0.03,0.0,0.0,0.0,-0.02,-0.0,-0.03,-0.0,0.01,0.01,0.01,0.0,0.0,0.07,0.06,0.0,0.0,0.0,0.0,0.03,0.01,-0.02,0.0,0.0,0.0,-0.02,0.03,0.03,0.02,-0.01,-0.01,-0.01,-0.01,-0.01,-0.03,0.0,-1.0,-0.5,-0.33,0.02,0.04,0.01,-0.04,0.0,0.0,0.0,-0.04,0.02,0.0,0.04,-0.01,-0.01,-0.01,0.06,-0.02,0.02,-0.03,-0.01,-0.01,-0.01,-0.02,-0.03,-0.03,-0.0,0.01,0.01,0.01,0.02,0.04,0.03,0.0,-1.0,-0.5,-0.33,-0.03,0.0,-0.04,0.01,0.0,0.0,0.0,-0.02,0.01,0.02,0.0
2012-07-01,-0.01,-0.01,0.05,-0.03,0.0,0.02,-0.02,-0.01,-0.01,0.04,-0.01,0.01,0.04,-0.0,-0.0,-0.0,-0.01,0.01,-0.04,0.04,-0.01,-0.01,-0.01,-0.01,0.0,0.05,0.03,0.01,0.01,0.01,-0.08,-0.03,-0.05,0.0,-1.0,-0.5,-0.33,-0.01,0.02,-0.04,0.02,0.01,0.01,0.01,0.02,-0.04,-0.01,-0.01,-0.01,-0.01,-0.01,-0.03,0.01,-0.01,-0.02,-0.0,-0.0,-0.0,-0.02,-0.01,-0.01,0.02,-0.0,-0.0,-0.0,-0.01,-0.02,0.01,0.02,-0.01,-0.01,-0.01,0.0,-0.01,-0.01,0.02,-0.0,-0.0,-0.0,-0.03,0.02,0.02,-0.03,-0.01,-0.01,-0.01,-0.05,-0.03,-0.02,0.04
2012-10-01,0.0,0.0,0.0,-0.01,0.03,-0.04,-0.02,-0.01,-0.01,-0.01,-0.02,0.01,-0.02,-0.01,-0.01,-0.01,-0.01,0.07,-0.01,0.04,0.01,0.0,0.0,0.0,-0.01,0.05,0.0,0.0,-1.0,-0.5,-0.33,-0.03,-0.01,0.0,0.0,-0.01,-0.01,-0.01,0.01,-0.02,-0.05,-0.01,-0.0,-0.0,-0.0,-0.01,0.02,0.06,0.05,-0.0,-0.0,-0.0,-0.02,0.01,0.01,0.04,-0.0,-0.0,-0.0,0.06,-0.03,0.04,-0.01,-0.01,-0.01,-0.01,0.1,0.01,-0.01,-0.02,-0.01,-0.01,-0.01,-0.03,0.01,0.0,0.02,-0.0,-0.0,-0.0,0.01,-0.03,0.0,0.0,-0.01,-0.01,-0.01,-0.03,0.0,-1.0
2013-01-01,-1.0,0.0,0.0,0.0,0.04,-0.01,0.0,-1.0,0.0,0.0,0.0,-0.02,-0.01,-0.01,0.03,0.01,0.01,0.01,0.0,0.02,0.04,0.03,-0.0,-0.0,-0.0,0.04,-0.01,-0.01,-0.01,-0.0,-0.0,-0.0,0.01,0.0,-0.01,-0.01,-0.01,-0.01,-0.01,0.0,-1.0,0.01,0.04,0.0,0.0,0.0,0.01,0.01,0.01,0.0,-1.0,-0.5,-0.33,0.0,-0.04,-0.06,0.04,-0.01,-0.01,-0.01,0.0,0.03,0.0,-1.0,-0.01,-0.01,-0.01,-0.05,0.04,0.01,-0.03,0.01,0.01,0.01,-0.04,0.02,0.04,0.04,0.0,0.0,0.0,-0.01,-0.01,-0.01,0.0,-1.0,-0.5,-0.33,0.02,0.03
2013-04-01,0.5,1.0,0.0,-1.0,0.01,-0.04,0.0,-0.0,-0.0,-0.0,-0.01,-0.01,0.02,-0.02,-0.01,-0.01,-0.01,-0.01,-0.01,0.01,-0.02,0.0,0.0,0.0,0.03,0.03,0.02,0.03,0.0,0.0,0.0,-0.02,-0.01,0.03,-0.01,-0.01,-0.01,-0.01,-0.01,-0.02,-0.01,0.0,-1.0,-0.5,-0.33,0.01,-0.03,0.01,0.02,-0.0,-0.0,-0.0,0.0,-0.01,-0.02,0.02,-0.01,-0.01,-0.01,0.02,-0.01,0.0,0.02,0.01,0.01,0.01,0.06,0.01,0.0,0.0,-1.0,-0.5,-0.33,-0.02,0.03,-0.01,-0.02,-0.0,-0.0,-0.0,-0.02,0.02,0.0,-0.02,-0.0,-0.0,-0.0,0.01,0.03,0.0
2013-07-01,-0.0,-0.0,-0.0,0.02,-0.02,-0.02,0.01,0.01,0.01,0.01,0.05,0.04,0.06,0.0,0.01,0.01,0.01,-0.02,-0.03,0.02,-0.01,0.01,0.01,0.01,0.05,-0.01,-0.02,0.01,-0.01,-0.01,-0.01,0.01,0.0,-0.01,0.0,-1.0,-0.5,-0.33,0.0,-0.01,0.05,-0.01,0.0,0.0,0.0,0.04,-0.03,-0.01,0.02,0.0,0.0,0.0,0.05,0.0,-0.01,0.01,0.01,0.01,0.01,0.07,0.01,-0.03,0.0,0.0,0.0,0.0,-0.02,0.01,-0.01,0.01,-0.0,-0.0,-0.0,0.01,0.0,-0.01,0.02,-0.01,-0.01,-0.01,-0.03,-0.01,0.03,0.02,0.01,0.01,0.01,-0.04,-0.03,-0.02
2013-10-01,0.01,0.0,0.0,0.0,-0.02,0.02,-0.02,-0.02,-0.0,-0.0,-0.0,-0.0,0.03,-0.06,-0.0,-0.0,-0.0,-0.0,-0.01,0.0,-0.01,0.02,-0.0,-0.0,-0.0,-0.01,0.03,0.01,0.0,-1.0,-0.5,-0.33,0.01,-0.01,0.03,-0.03,-0.0,-0.0,-0.0,-0.03,0.01,0.02,-0.01,0.0,0.0,0.0,0.03,0.02,0.0,0.04,0.0,0.0,0.0,-0.0,-0.01,-0.03,0.0,0.0,0.0,0.0,-0.04,0.05,-0.01,0.0,0.0,0.0,0.0,-0.02,0.0,0.03,0.02,-0.0,-0.0,-0.0,-0.02,0.02,-0.01,-0.0,-0.01,-0.01,-0.01,0.0,-0.04,0.02,0.0,-0.01,-0.01,-0.01,0.0,-1.0
2014-01-01,-1.0,0.02,-0.0,-0.0,-0.0,0.01,0.0,-1.0,0.02,0.01,0.01,0.01,-0.02,0.02,0.01,-0.01,0.0,0.0,0.0,-0.0,0.01,0.02,-0.02,-0.0,-0.0,-0.0,0.0,0.01,0.02,-0.01,0.01,0.01,0.01,0.0,-1.0,0.01,-0.01,-0.0,-0.0,-0.0,-0.01,0.0,0.03,0.02,-0.01,-0.01,-0.01,0.01,-0.02,-0.02,0.0,-1.0,-0.5,-0.33,0.05,-0.02,-0.01,0.02,-0.0,-0.0,-0.0,0.03,0.01,0.01,-0.0,0.0,0.0,0.0,-0.0,0.01,-0.01,-0.03,0.0,0.0,0.0,0.0,-0.01,-0.01,0.0,-1.0,-0.5,-0.33,-0.02,0.01,0.01,-0.0,-0.0,-0.0,-0.0,0.02
2014-04-01,0.02,-0.0,-0.0,-0.0,0.02,-0.0,-0.01,0.01,-0.0,-0.0,-0.0,-0.01,0.0,0.03,-0.0,0.01,0.01,0.01,-0.0,-0.03,-0.01,-0.01,0.0,0.0,0.0,0.02,0.02,-0.0,0.04,-0.01,-0.01,-0.01,0.0,-0.0,-0.01,-0.02,0.0,0.0,0.0,-0.01,0.01,0.0,0.0,-1.0,-0.5,-0.33,0.01,-0.02,0.02,0.03,0.0,0.0,0.0,-0.01,0.01,0.02,0.01,-0.01,-0.01,-0.01,-0.02,0.02,-0.03,-0.0,0.0,0.0,0.0,-0.01,-0.03,0.01,0.0,-1.0,-0.5,-0.33,-0.01,-0.01,0.01,0.01,-0.0,-0.0,-0.0,-0.03,-0.01,0.01,-0.0,-0.0,-0.0,-0.0,0.0,0.0
2014-07-01,0.03,-0.0,-0.0,-0.0,0.01,-0.02,-0.01,-0.02,-0.0,-0.0,-0.0,-0.0,0.02,-0.02,0.02,0.0,0.0,0.0,0.01,-0.03,0.0,0.01,0.0,0.0,0.0,0.0,-0.01,0.0,0.02,0.01,0.01,0.01,0.01,0.0,-0.03,0.0,-1.0,-0.5,-0.33,-0.01,0.01,0.0,-0.01,0.0,0.0,0.0,0.01,-0.02,-0.03,-0.02,0.01,0.01,0.01,0.0,-0.0,0.0,-0.01,0.0,0.0,0.0,-0.01,-0.02,-0.02,0.01,0.0,0.0,0.0,-0.01,0.0,-0.01,0.0,0.5,1.0,0.0,-1.0,0.03,0.0,-0.0,0.0,0.0,0.0,-0.01,-0.02,0.0,-0.01,-0.0,-0.0,-0.0,-0.03,-0.01
2014-10-01,-0.04,0.01,-0.01,-0.01,-0.01,0.01,-0.02,0.01,-0.01,-0.0,-0.0,-0.0,-0.02,0.0,0.01,0.0,-0.0,-0.0,-0.0,0.03,0.0,0.02,0.01,0.0,0.0,0.0,0.0,0.02,-0.0,0.0,-1.0,-0.5,-0.33,0.0,-0.01,-0.01,0.0,-0.0,-0.0,-0.0,-0.01,0.0,0.01,0.0,0.01,0.01,0.01,-0.02,-0.01,-0.02,0.01,-0.0,-0.0,-0.0,0.0,-0.02,0.0,-0.0,-0.0,-0.0,-0.0,-0.02,0.01,0.03,-0.0,0.0,0.0,0.0,-0.02,0.02,0.0,-0.0,-0.0,-0.0,-0.0,0.01,-0.03,-0.0,0.01,0.0,0.0,0.0,-0.01,-0.0,-0.0,-0.02,0.5,1.0,0.0,-1.0
2015-01-01,-1.0,-0.02,-0.01,-0.01,-0.01,-0.01,0.0,-1.0,0.01,0.05,-0.0,-0.0,-0.0,-0.02,0.03,0.03,-0.02,0.0,0.0,0.0,-0.04,0.0,-0.01,-0.02,-0.01,-0.01,-0.01,0.03,-0.02,0.01,0.03,0.0,0.0,0.0,0.0,-1.0,-0.01,-0.01,-0.0,-0.0,-0.0,-0.01,-0.01,0.02,-0.0,0.0,0.0,0.0,-0.01,-0.01,0.0,-1.0,0.01,0.01,0.01,-0.03,0.01,0.0,-0.01,0.0,0.0,0.0,0.01,0.0,0.01,0.01,-0.0,-0.0,-0.0,0.0,0.02,0.01,0.01,-0.0,-0.0,-0.0,0.03,0.0,-0.03,0.0,-1.0,-0.5,-0.33,-0.01,-0.0,0.0,-0.03,-0.0,-0.0,-0.0
2015-04-01,-0.04,-0.01,0.0,0.0,0.0,-0.04,0.05,0.02,-0.02,-0.01,-0.01,-0.01,-0.02,0.03,-0.05,-0.02,-0.01,-0.01,-0.01,0.01,-0.0,-0.02,-0.03,-0.01,-0.01,-0.01,0.07,-0.01,0.0,0.02,0.01,0.01,0.01,-0.01,0.03,-0.02,-0.03,-0.01,-0.01,-0.01,0.01,0.02,-0.03,0.0,-1.0,-0.5,-0.33,0.02,-0.01,-0.01,0.03,0.0,0.0,0.0,0.07,0.01,0.02,0.07,0.0,0.0,0.0,-0.05,0.02,-0.06,0.01,0.0,0.0,0.0,-0.04,0.02,0.03,0.0,-1.0,-0.5,-0.33,0.03,-0.04,-0.03,-0.01,-0.01,-0.01,-0.01,-0.02,0.04,-0.01,-0.03,-0.01,-0.01,-0.01,0.0
2015-07-01,0.03,0.01,-0.02,-0.02,-0.02,0.04,0.01,-0.02,0.02,0.02,0.02,0.02,-0.04,0.01,0.0,-0.01,-0.0,-0.0,-0.0,-0.0,-0.04,0.03,0.01,-0.0,-0.0,-0.0,0.04,-0.03,0.04,0.04,0.01,0.01,0.01,-0.0,-0.0,0.0,0.0,-1.0,-0.5,-0.33,0.01,-0.03,-0.0,0.02,0.01,0.01,0.01,-0.05,-0.01,0.0,-0.0,0.02,0.02,0.02,-0.01,-0.03,0.02,0.02,0.0,0.0,0.0,0.03,-0.0,0.04,0.03,0.0,0.0,0.0,-0.02,-0.02,0.04,0.01,0.0,0.0,0.0,-0.01,-0.01,0.01,-0.02,-0.01,-0.01,-0.01,0.0,0.03,0.01,-0.01,0.01,0.01,0.01,-0.04
2015-10-01,-0.0,0.01,-0.02,-0.01,-0.01,-0.01,0.02,-0.01,0.0,-0.02,0.01,0.01,0.01,-0.03,-0.02,0.01,0.05,-0.01,-0.01,-0.01,-0.02,0.01,0.02,0.0,-1.0,-0.5,-0.33,-0.02,-0.0,0.01,0.0,0.0,0.0,0.0,0.0,0.0,0.03,0.05,-0.01,-0.01,-0.01,-0.02,0.0,-0.03,0.03,-0.01,-0.01,-0.01,0.01,0.02,-0.0,-0.03,0.0,0.0,0.0,-0.03,-0.0,0.02,0.03,-0.01,-0.01,-0.01,-0.04,-0.01,0.01,0.01,-0.01,-0.01,-0.01,-0.01,-0.02,-0.01,-0.01,0.0,0.0,0.0,-0.01,0.0,-0.03,-0.01,0.0,0.0,0.0,0.05,0.04,-0.02,-0.01,0.5,1.0,0.0
2016-01-01,-1.0,0.0,0.0,0.04,0.5,1.0,0.0,-1.0,-0.01,0.02,0.04,-0.01,-0.01,-0.01,-0.0,-0.01,0.0,0.03,0.01,0.01,0.01,-0.05,0.02,-0.01,0.02,-0.02,-0.02,-0.02,-0.03,0.08,0.02,-0.03,-0.01,-0.01,-0.01,0.0,-1.0,-0.02,-0.01,-0.0,-0.0,-0.0,0.0,-0.01,0.02,-0.0,-0.0,-0.0,-0.0,-0.02,0.0,-1.0,-0.01,-0.01,-0.01,-0.01,0.02,0.0,0.01,0.02,0.01,0.01,0.01,-0.02,0.03,0.02,-0.01,-0.0,-0.0,-0.0,0.02,0.0,-0.01,0.02,-0.0,-0.0,-0.0,0.0,0.02,-0.03,0.0,-1.0,-0.5,-0.33,-0.0,0.02,0.01,-0.0,0.01,0.01
2016-04-01,-0.01,-0.04,0.03,-0.01,0.5,1.0,0.0,-1.0,0.02,-0.04,0.02,0.01,0.01,0.01,-0.02,-0.01,0.0,0.0,-0.0,-0.0,-0.0,0.02,0.01,0.04,-0.03,0.0,0.0,0.0,0.03,0.05,-0.01,0.06,-0.0,-0.0,-0.0,0.03,-0.02,0.0,-0.01,-0.0,-0.0,-0.0,0.0,-0.04,0.02,0.0,-1.0,-0.5,-0.33,0.07,-0.04,-0.03,0.01,-0.03,-0.03,-0.03,-0.01,0.02,0.01,-0.06,0.0,0.0,0.0,-0.02,-0.03,0.0,-0.01,-0.01,-0.01,-0.01,0.01,-0.01,-0.03,0.0,-1.0,-0.5,-0.33,-0.03,-0.01,-0.03,-0.03,0.01,0.01,0.01,-0.02,-0.01,-0.04,0.01,0.5,1.0
2016-07-01,-0.04,-0.01,0.03,0.01,-0.03,-0.03,-0.03,-0.09,0.01,-0.01,0.04,0.01,0.01,0.01,0.04,-0.03,-0.01,0.0,-0.01,-0.01,-0.01,-0.03,-0.03,0.02,-0.01,0.01,0.01,0.01,-0.07,-0.02,0.03,0.0,-1.0,-0.5,-0.33,0.01,-0.01,0.02,0.01,-0.01,-0.01,-0.01,-0.01,-0.02,0.06,0.01,0.01,0.01,0.01,-0.04,0.01,-0.04,0.0,-0.02,-0.01,-0.01,0.03,-0.03,0.0,-0.04,0.01,0.01,0.01,-0.01,-0.01,-0.04,0.02,0.0,0.0,0.0,0.01,0.02,0.03,0.01,0.0,0.0,0.0,-0.03,0.03,-0.02,0.05,0.0,0.0,0.0,0.01,-0.04,0.02,-0.03,-0.0,-0.0
2016-10-01,0.0,0.01,0.0,0.0,-0.03,-0.02,-0.02,-0.02,-0.01,0.01,0.04,-0.01,0.0,0.0,0.0,-0.01,0.04,0.0,0.05,-0.0,-0.0,-0.0,0.05,0.05,-0.02,0.0,-1.0,-0.5,-0.33,0.02,-0.01,0.01,0.0,-0.01,-0.01,-0.01,0.02,0.0,0.0,-0.01,-0.01,-0.01,-0.01,0.04,-0.02,-0.03,0.05,0.01,0.01,0.01,-0.05,0.06,-0.03,-0.02,-0.01,-0.01,-0.01,0.05,-0.02,0.01,0.03,0.01,0.01,0.01,-0.07,0.05,-0.04,0.0,0.01,0.01,0.01,-0.01,-0.02,0.02,-0.02,-0.0,-0.0,-0.0,0.06,0.03,-0.06,0.11,0.01,0.01,0.01,-0.02,0.0,0.02,0.0,-1.0
2017-01-01,-0.5,-0.33,-0.04,0.02,-0.04,0.0,-1.0,-0.5,-0.33,-0.0,0.0,-0.01,0.01,-0.01,-0.01,-0.01,0.0,0.05,0.03,-0.02,0.01,0.01,0.01,0.02,0.04,-0.04,0.0,-0.0,-0.0,-0.0,-0.03,0.04,0.04,-0.01,-0.01,-0.01,-0.01,0.0,-1.0,0.02,-0.03,-0.01,-0.01,-0.01,0.03,0.06,0.02,0.02,0.5,1.0,0.0,-1.0,0.03,0.12,0.02,0.0,0.0,0.0,-0.02,0.0,-0.03,-0.01,-0.01,-0.01,-0.01,0.01,0.06,0.02,-0.01,0.01,0.01,0.01,-0.01,0.0,0.0,-0.01,-0.01,-0.01,-0.01,0.02,0.02,0.0,0.0,-1.0,-0.5,-0.33,-0.01,0.01,0.03,0.04
2017-04-01,-0.02,0.0,0.02,-0.02,0.02,-0.0,-0.0,-0.0,-0.02,0.01,-0.02,-0.03,-0.01,-0.01,-0.01,-0.02,0.01,-0.02,-0.01,0.0,0.0,0.0,-0.02,0.02,0.05,0.01,-0.01,-0.01,-0.01,-0.02,-0.01,0.0,-0.02,0.01,0.01,0.01,-0.04,-0.02,0.0,0.0,-1.0,-0.5,-0.33,-0.02,-0.03,0.02,0.01,0.01,0.01,0.01,0.0,0.03,-0.04,-0.01,-0.02,-0.02,-0.02,0.01,-0.01,0.02,-0.03,0.0,0.0,0.0,-0.02,-0.01,0.04,0.03,-0.01,-0.01,-0.01,0.02,0.03,0.06,0.0,-1.0,-0.5,-0.33,0.02,-0.01,0.0,-0.01,-0.0,-0.0,-0.0,0.02,-0.04,0.01,0.0,-1.0
2017-07-01,0.0,0.04,0.03,-0.01,0.05,-0.01,-0.01,-0.01,-0.01,0.02,0.02,-0.02,0.01,0.01,0.01,-0.01,0.0,-0.06,-0.02,0.01,0.01,0.01,0.02,0.0,0.01,-0.04,0.01,0.01,0.01,-0.05,0.0,-0.04,0.0,-1.0,-0.5,-0.33,0.0,-0.02,-0.03,0.04,0.0,0.0,0.0,0.01,-0.02,-0.08,-0.01,-0.0,-0.0,-0.0,-0.03,-0.01,0.0,0.02,0.0,0.0,0.0,-0.03,0.01,0.01,-0.02,0.0,0.0,0.0,0.0,0.0,-0.03,0.04,0.0,0.0,0.0,0.0,0.04,0.03,-0.05,0.5,1.0,0.0,-1.0,-0.03,-0.02,-0.03,-0.0,-0.0,-0.0,0.01,0.01,-0.02,0.01,-0.02
2017-10-01,0.02,0.02,0.02,0.01,0.05,0.01,-0.02,-0.02,-0.02,0.0,-0.01,0.03,0.02,0.01,0.01,0.01,0.0,-0.01,0.02,0.05,0.02,0.02,0.02,0.02,-0.03,-0.01,0.0,-1.0,-0.5,-0.33,0.03,-0.01,0.02,-0.07,0.01,0.01,0.01,-0.03,0.0,-0.04,0.03,0.0,0.0,0.0,-0.02,-0.02,-0.02,0.03,0.01,0.01,0.01,0.01,-0.03,-0.04,-0.01,0.01,0.01,0.01,0.03,-0.03,0.01,-0.04,0.0,0.0,0.0,0.01,0.04,0.01,0.06,0.0,0.0,0.0,-0.04,-0.03,-0.03,-0.03,-0.01,-0.01,-0.01,-0.01,0.02,-0.03,-0.01,0.0,0.0,0.0,0.01,0.04,0.0,-1.0
2018-01-01,-1.0,-0.5,-0.33,-0.03,0.06,-0.02,0.0,-1.0,-0.5,-0.33,0.02,0.02,0.02,0.08,-0.01,-0.01,-0.01,0.01,-0.03,0.0,0.0,-0.01,-0.01,-0.01,0.02,0.05,-0.03,-0.02,-0.01,-0.01,-0.01,-0.04,0.06,0.04,-0.01,0.0,0.0,0.0,0.0,-1.0,-0.03,-0.01,0.0,0.0,0.0,-0.04,0.02,-0.04,-0.03,-0.0,-0.0,-0.0,0.07,0.0,-0.01,-0.03,-0.01,-0.01,-0.01,-0.02,-0.01,-0.03,-0.02,-0.02,-0.02,-0.02,-0.02,0.02,0.02,0.01,0.0,0.0,0.0,0.04,-0.02,0.03,0.01,0.0,0.0,0.0,-0.04,-0.01,-0.02,0.0,-1.0,-0.5,-0.33,0.02,0.02,-0.01
2018-04-01,1.0,0.0,-1.0,-0.03,0.03,-0.05,-0.01,-0.01,-0.01,-0.03,-0.03,0.06,0.03,-0.01,-0.01,-0.01,0.02,0.0,-0.05,-0.04,-0.02,-0.02,-0.02,0.03,-0.02,0.01,0.02,-0.01,-0.01,-0.01,0.03,-0.03,-0.02,0.03,-0.01,-0.01,-0.01,-0.04,-0.01,0.07,0.0,-1.0,-0.5,-0.33,-0.05,-0.01,0.07,0.0,-0.01,-0.01,-0.01,-0.02,0.01,0.02,0.01,-0.03,-0.03,-0.02,0.05,0.03,-0.02,0.02,0.0,0.0,0.0,0.03,-0.01,0.03,-0.02,0.01,0.01,0.01,0.03,0.04,0.04,0.0,-1.0,-0.5,-0.33,0.01,-0.02,0.02,0.07,-0.01,-0.01,-0.01,0.03,0.02,0.01,0.0
2018-07-01,-0.01,-0.01,0.01,0.01,-0.05,0.01,-0.01,-0.01,-0.01,0.01,-0.03,0.04,-0.03,-0.0,-0.0,-0.0,-0.01,-0.04,0.0,0.02,0.01,0.01,0.01,0.01,-0.03,0.04,-0.02,0.01,0.01,0.01,0.08,0.0,0.07,0.0,-1.0,-0.5,-0.33,-0.04,-0.02,-0.04,0.0,-0.01,-0.01,-0.01,-0.03,0.02,0.01,0.08,0.01,0.01,0.01,-0.02,-0.04,0.02,0.01,-0.01,-0.01,-0.01,0.01,-0.03,0.01,0.04,-0.02,-0.02,-0.02,-0.03,0.0,0.04,0.02,-0.01,-0.01,-0.01,0.05,0.04,0.04,-0.02,-0.01,-0.01,-0.01,-0.02,0.02,0.0,0.04,-0.01,-0.01,-0.01,-0.06,0.03,0.04,0.08
2018-10-01,0.0,0.0,0.0,-0.02,0.02,-0.03,0.03,-0.01,-0.01,-0.01,-0.01,-0.02,0.05,0.06,0.0,0.0,0.0,0.01,0.01,-0.02,0.04,0.0,0.0,0.0,0.07,-0.01,-0.01,0.0,-1.0,-0.5,-0.33,0.0,-0.01,0.01,0.03,0.0,0.0,0.0,-0.01,0.01,-0.05,0.01,-0.03,-0.02,-0.02,0.02,0.01,-0.02,-0.01,0.0,0.0,0.0,-0.06,-0.03,-0.02,0.03,-0.02,-0.02,-0.02,-0.02,-0.01,0.04,-0.01,-0.01,-0.01,-0.01,-0.03,0.06,0.0,-0.04,0.02,0.03,0.03,0.07,-0.05,0.05,0.0,-0.0,-0.0,-0.0,-0.02,-0.01,0.0,0.0,0.01,0.01,0.01,-0.03,0.0,-1.0
2019-01-01,-1.0,-0.1,-0.09,-0.08,-0.11,-0.03,0.0,-1.0,-0.11,-0.1,-0.09,0.0,0.08,-0.14,-0.07,-0.01,-0.01,-0.01,-0.02,0.0,0.0,0.09,-0.01,-0.01,-0.01,-0.02,0.0,-1.0,-0.18,-0.02,-0.02,-0.02,-0.03,0.0,0.02,-0.02,0.01,0.01,0.01,0.0,-1.0,-0.03,-0.01,-0.02,-0.02,-0.02,-0.03,0.0,-0.03,0.0,-1.0,-0.5,-0.33,-0.07,0.05,-0.02,0.04,-0.02,-0.02,-0.02,0.09,0.01,0.03,0.07,-0.0,-0.0,-0.0,-0.06,0.05,-0.1,-0.02,-0.01,-0.01,-0.01,0.05,-0.03,0.02,0.01,-0.01,-0.01,-0.01,0.0,-0.08,-0.01,0.0,-1.0,-0.5,-0.33,0.03,0.05
2019-04-01,0.38,0.63,1.67,-1.25,-0.2,0.0,0.67,0.12,0.14,0.17,-1.4,-0.17,-0.6,-0.06,0.04,0.05,0.05,-0.22,0.12,0.07,-0.17,0.04,0.04,0.04,-0.16,-0.14,-0.15,0.0,-0.07,-0.07,-0.06,0.14,0.17,0.26,-0.05,0.02,0.02,0.02,-0.21,0.2,0.0,0.0,-1.0,-0.5,-0.33,0.0,-0.15,0.08,0.25,0.0,0.0,0.0,-0.13,-0.18,-0.03,-0.06,0.01,0.01,0.01,0.36,-0.21,-0.07,-0.09,-0.04,-0.04,-0.04,0.06,0.0,0.13,0.0,-1.0,-0.5,-0.33,0.15,0.1,0.11,0.04,-0.02,-0.02,-0.02,-0.1,0.07,0.07,0.08,0.0,0.0,0.0,0.67,-0.38,0.0
2019-07-01,0.12,0.14,0.17,-0.08,0.3,-0.17,0.09,0.27,0.37,0.58,-0.69,-0.13,-0.06,0.14,0.08,0.08,0.09,0.22,-0.18,-0.08,-0.14,-0.11,-0.1,-0.09,-0.1,-0.09,0.0,-0.18,0.09,0.1,0.11,0.31,0.33,0.09,0.0,-1.0,-0.5,-0.33,-0.5,-7.0,-0.75,1.0,0.5,1.0,0.0,0.0,-1.0,-6.0,-2.0,-2.5,-0.71,-0.42,1.0,-0.67,2.0,-0.71,-0.16,-0.14,-0.12,0.38,-0.11,0.12,-0.2,0.03,0.04,0.04,-0.18,0.22,-0.25,-0.2,0.5,1.0,0.0,-1.0,0.0,-0.12,0.42,0.0,0.0,0.0,0.5,0.6,-0.44,0.0,0.12,0.14,0.17,-0.14,-0.12,0.33
2019-10-01,-0.15,0.18,0.21,0.27,-0.15,-0.19,-0.43,0.27,0.08,0.09,0.1,0.21,-0.07,-0.17,0.2,0.25,0.33,0.5,-0.62,-0.24,-0.09,-0.3,-0.07,-0.07,-0.07,0.02,-0.2,-0.02,0.0,-1.0,-0.5,-0.33,0.0,-0.06,0.06,0.04,0.01,0.01,0.01,0.18,0.0,-0.03,0.15,0.02,0.02,0.02,-0.18,0.05,0.16,-0.09,0.09,0.1,0.12,-0.13,-0.03,-0.03,0.07,0.12,0.14,0.17,0.18,1.83,2.0,-0.67,0.12,0.14,0.17,1.0,-0.6,-3.5,-1.5,0.33,0.5,1.0,0.0,-0.88,3.0,-0.71,0.31,0.45,0.83,-0.5,-0.69,-0.32,-0.1,0.03,0.03,0.04,0.0,-1.0
2020-01-01,-1.0,0.12,0.02,0.02,0.02,-0.03,0.0,-1.0,-0.06,0.0,0.0,0.0,-0.03,-0.03,0.09,0.03,0.08,0.09,0.09,-0.26,0.55,-0.24,0.0,-0.02,-0.02,-0.02,0.19,0.18,0.47,-0.35,0.06,0.07,0.07,0.0,-1.0,0.07,-0.07,-0.08,-0.08,-0.07,0.0,0.19,-0.27,-0.08,-0.04,-0.04,-0.04,0.08,-0.19,-0.06,0.0,-1.0,-0.5,-0.33,0.08,0.44,-0.17,0.15,0.07,0.07,0.08,0.4,-0.06,-0.24,0.05,0.11,0.12,0.14,0.4,-0.17,-0.08,0.0,0.08,0.09,0.1,0.0,0.11,-0.1,0.0,-1.0,-0.5,-0.33,-9.0,-0.9,-0.44,-0.05,0.0,0.0,0.0,0.19
2020-04-01,-0.1,0.02,-0.06,-0.06,-0.05,-0.17,-0.06,0.06,0.12,-0.06,-0.05,-0.05,-0.19,-0.07,0.4,0.69,-0.1,-0.09,-0.09,0.2,0.38,0.25,0.52,-0.11,-0.1,-0.09,-0.03,0.0,3.29,-3.33,-0.55,-0.35,-0.26,-0.07,-0.25,0.0,0.33,0.12,0.14,0.17,0.67,2.0,-0.33,0.0,-1.0,-0.5,-0.33,-0.5,-0.5,1.0,-2.0,5.0,-1.25,-0.56,-0.62,-0.11,1.25,-2.33,-0.1,-0.09,-0.08,0.0,-1.0,-0.5,0.33,-0.36,-0.26,-0.21,-0.16,-0.14,0.0,0.0,-1.0,-0.5,-0.33,0.08,0.18,-0.12,-0.11,-0.01,-0.01,-0.01,-0.06,-0.06,0.14,0.16,-0.04,-0.04,-0.04,-0.18
2020-07-01,0.1,0.0,0.0,0.0,0.0,-0.04,-0.04,-0.04,0.02,0.0,0.0,0.0,0.0,-0.04,-0.02,0.09,-0.01,-0.01,-0.01,0.12,-0.16,-0.11,-0.08,-0.02,-0.02,-0.02,0.13,0.1,0.15,0.02,0.01,0.01,0.01,-0.07,0.04,-0.04,0.0,-1.0,-0.5,-0.33,-0.04,0.0,-0.02,-0.05,0.05,0.05,0.05,0.02,0.0,-0.09,-0.08,0.02,0.02,0.02,0.1,-0.13,0.13,0.04,-0.01,-0.01,-0.01,-0.05,0.04,0.04,-0.07,0.04,0.05,0.05,-0.04,-0.02,0.09,-0.08,-0.01,-0.01,-0.01,0.13,-0.04,-0.13,0.12,0.5,1.0,0.0,-1.0,-0.13,-0.1,0.17,0.0,0.0,0.0,-0.04
